{
  "target_column": "_AGEG5YR",
  "accuracy": 0.9339871920613858,
  "classification_report": {
    "1.0": {
      "precision": 0.9998066511987626,
      "recall": 0.98382800608828,
      "f1-score": 0.991752972765631,
      "support": 5256.0
    },
    "2.0": {
      "precision": 0.9947726084683742,
      "recall": 0.8957401741586256,
      "f1-score": 0.9426625386996904,
      "support": 4249.0
    },
    "3.0": {
      "precision": 0.8661233993015134,
      "recall": 0.9,
      "f1-score": 0.8827368004745897,
      "support": 4960.0
    },
    "4.0": {
      "precision": 0.8970075270791261,
      "recall": 0.8998158379373848,
      "f1-score": 0.8984094879102694,
      "support": 5430.0
    },
    "5.0": {
      "precision": 0.968006398720256,
      "recall": 0.850342525909011,
      "f1-score": 0.9053674957920329,
      "support": 5693.0
    },
    "6.0": {
      "precision": 0.9733551957368313,
      "recall": 0.8771702992242335,
      "f1-score": 0.9227630428446517,
      "support": 5414.0
    },
    "7.0": {
      "precision": 0.7144810441267868,
      "recall": 0.9185043144774688,
      "f1-score": 0.8037474655666643,
      "support": 6258.0
    },
    "8.0": {
      "precision": 0.9382286146858441,
      "recall": 0.9054646405610753,
      "f1-score": 0.9215555059855751,
      "support": 6844.0
    },
    "9.0": {
      "precision": 0.9688557097865391,
      "recall": 0.9893984514592019,
      "f1-score": 0.979019330504479,
      "support": 8395.0
    },
    "10.0": {
      "precision": 0.9365095593497598,
      "recall": 0.9934924078091106,
      "f1-score": 0.9641597810641546,
      "support": 9220.0
    },
    "11.0": {
      "precision": 0.9606517401906451,
      "recall": 0.9954059951762949,
      "f1-score": 0.9777201195780924,
      "support": 8707.0
    },
    "12.0": {
      "precision": 0.9960931847778903,
      "recall": 0.9963815313359387,
      "f1-score": 0.9962373371924746,
      "support": 6909.0
    },
    "13.0": {
      "precision": 0.9996141975308642,
      "recall": 0.9998713660921019,
      "f1-score": 0.9997427652733119,
      "support": 7774.0
    },
    "14.0": {
      "precision": 0.6173361522198731,
      "recall": 0.18766066838046272,
      "f1-score": 0.2878265155248891,
      "support": 1556.0
    },
    "accuracy": 0.9339871920613858,
    "macro avg": {
      "precision": 0.9164887130837905,
      "recall": 0.8852197299006564,
      "f1-score": 0.8909786542268934,
      "support": 86665.0
    },
    "weighted avg": {
      "precision": 0.9354145287733132,
      "recall": 0.9339871920613858,
      "f1-score": 0.931011714206446,
      "support": 86665.0
    }
  },
  "feature_importance": [
    {
      "feature": "_AGE80",
      "importance": 0.817032074318755
    },
    {
      "feature": "EMPLOY1",
      "importance": 0.07686630955068588
    },
    {
      "feature": "MARITAL",
      "importance": 0.03626960348614747
    },
    {
      "feature": "CHILDREN",
      "importance": 0.032982798019480786
    },
    {
      "feature": "RENTHOM1",
      "importance": 0.0168679500631238
    },
    {
      "feature": "INCOME3",
      "importance": 0.005485209615521794
    },
    {
      "feature": "EDUCA",
      "importance": 0.0038428118192645345
    },
    {
      "feature": "VETERAN3",
      "importance": 0.0032993773788024274
    },
    {
      "feature": "_IMPRACE",
      "importance": 0.0027945347707770633
    },
    {
      "feature": "CPDEMO1C",
      "importance": 0.0018016947335302285
    },
    {
      "feature": "_SEX",
      "importance": 0.001405490974422518
    },
    {
      "feature": "_HISPANC",
      "importance": 0.0013521452694885896
    }
  ],
  "confusion_matrix": [
    [
      5171,
      4,
      26,
      7,
      1,
      0,
      44,
      2,
      1,
      0,
      0,
      0,
      0,
      0
    ],
    [
      0,
      3806,
      87,
      92,
      2,
      1,
      249,
      8,
      0,
      0,
      1,
      0,
      0,
      3
    ],
    [
      0,
      0,
      4464,
      51,
      0,
      0,
      417,
      12,
      6,
      2,
      3,
      0,
      0,
      5
    ],
    [
      1,
      0,
      1,
      4886,
      0,
      0,
      484,
      37,
      3,
      5,
      1,
      0,
      0,
      12
    ],
    [
      0,
      4,
      99,
      44,
      4841,
      0,
      593,
      62,
      5,
      12,
      3,
      0,
      0,
      30
    ],
    [
      0,
      4,
      185,
      97,
      9,
      4749,
      184,
      113,
      13,
      20,
      2,
      0,
      0,
      38
    ],
    [
      0,
      2,
      138,
      116,
      32,
      9,
      5748,
      3,
      62,
      95,
      19,
      0,
      0,
      34
    ],
    [
      0,
      0,
      55,
      71,
      29,
      18,
      9,
      6197,
      116,
      276,
      42,
      0,
      0,
      31
    ],
    [
      0,
      0,
      17,
      14,
      17,
      11,
      24,
      0,
      8306,
      0,
      0,
      0,
      0,
      6
    ],
    [
      0,
      0,
      23,
      7,
      8,
      5,
      8,
      0,
      0,
      9160,
      0,
      0,
      0,
      9
    ],
    [
      0,
      0,
      9,
      9,
      6,
      2,
      4,
      0,
      1,
      1,
      8667,
      0,
      0,
      8
    ],
    [
      0,
      0,
      3,
      9,
      1,
      0,
      6,
      0,
      2,
      0,
      0,
      6884,
      0,
      4
    ],
    [
      0,
      0,
      0,
      0,
      0,
      0,
      0,
      0,
      0,
      0,
      0,
      0,
      7773,
      1
    ],
    [
      0,
      6,
      47,
      44,
      55,
      84,
      275,
      171,
      58,
      210,
      284,
      27,
      3,
      292
    ]
  ],
  "class_labels": [
    "Age 18 to 24Notes: 18 <= AGE <= 24",
    "Age 25 to 29Notes: 25 <= AGE <= 29",
    "Age 30 to 34Notes: 30 <= AGE <= 34",
    "Age 35 to 39Notes: 35 <= AGE <= 39",
    "Age 40 to 44Notes: 40 <= AGE <= 44",
    "Age 45 to 49Notes: 45 <= AGE <= 49",
    "Age 50 to 54Notes: 50 <= AGE <= 54",
    "Age 55 to 59Notes: 55 <= AGE <= 59",
    "Age 60 to 64Notes: 60 <= AGE <= 64",
    "Age 65 to 69Notes: 65 <= AGE <= 69",
    "Age 70 to 74Notes: 70 <= AGE <= 74",
    "Age 75 to 79Notes: 75 <= AGE <= 79",
    "Age 80 or olderNotes: 80 <= AGE <= 99",
    "Don't know/Refused/MissingNotes: 7 <= AGE <= 9"
  ],
  "model_parameters": {
    "n_estimators": 100,
    "max_depth": 10,
    "min_samples_split": 10,
    "min_samples_leaf": 5,
    "random_state": 42,
    "n_jobs": -1
  },
  "analysis_metadata": {
    "total_samples": 433323,
    "training_samples": 346658,
    "test_samples": 86665,
    "features_used": [
      "MARITAL",
      "EDUCA",
      "RENTHOM1",
      "CPDEMO1C",
      "VETERAN3",
      "EMPLOY1",
      "CHILDREN",
      "INCOME3",
      "_HISPANC",
      "_IMPRACE",
      "_SEX",
      "_AGE80"
    ],
    "features_dropped_missing": 4,
    "target_missing_dropped": 0,
    "hyperparameter_tuning": false,
    "analysis_time_seconds": 2.788577079772949,
    "target_distribution": {
      "1.0": 26280,
      "2.0": 21247,
      "3.0": 24803,
      "4.0": 27153,
      "5.0": 28463,
      "6.0": 27070,
      "7.0": 31291,
      "8.0": 34219,
      "9.0": 41974,
      "10.0": 46099,
      "11.0": 43533,
      "12.0": 34543,
      "13.0": 38869,
      "14.0": 7779
    }
  },
  "successful": true,
  "error_message": null
}