{
  "target_column": "CNCRTYP2",
  "accuracy": 0.2682119205298013,
  "classification_report": {
    "1.0": {
      "precision": 0.0,
      "recall": 0.0,
      "f1-score": 0.0,
      "support": 68.0
    },
    "2.0": {
      "precision": 0.0,
      "recall": 0.0,
      "f1-score": 0.0,
      "support": 25.0
    },
    "3.0": {
      "precision": 0.0,
      "recall": 0.0,
      "f1-score": 0.0,
      "support": 11.0
    },
    "4.0": {
      "precision": 0.0,
      "recall": 0.0,
      "f1-score": 0.0,
      "support": 12.0
    },
    "5.0": {
      "precision": 0.272552783109405,
      "recall": 0.31625835189309576,
      "f1-score": 0.2927835051546392,
      "support": 449.0
    },
    "6.0": {
      "precision": 0.21052631578947367,
      "recall": 0.13793103448275862,
      "f1-score": 0.16666666666666666,
      "support": 58.0
    },
    "7.0": {
      "precision": 1.0,
      "recall": 0.009900990099009901,
      "f1-score": 0.0196078431372549,
      "support": 101.0
    },
    "8.0": {
      "precision": 0.0,
      "recall": 0.0,
      "f1-score": 0.0,
      "support": 10.0
    },
    "9.0": {
      "precision": 0.0,
      "recall": 0.0,
      "f1-score": 0.0,
      "support": 1.0
    },
    "10.0": {
      "precision": 0.0,
      "recall": 0.0,
      "f1-score": 0.0,
      "support": 52.0
    },
    "11.0": {
      "precision": 0.0,
      "recall": 0.0,
      "f1-score": 0.0,
      "support": 1.0
    },
    "12.0": {
      "precision": 0.0,
      "recall": 0.0,
      "f1-score": 0.0,
      "support": 40.0
    },
    "13.0": {
      "precision": 0.0,
      "recall": 0.0,
      "f1-score": 0.0,
      "support": 13.0
    },
    "14.0": {
      "precision": 0.0,
      "recall": 0.0,
      "f1-score": 0.0,
      "support": 79.0
    },
    "15.0": {
      "precision": 0.0,
      "recall": 0.0,
      "f1-score": 0.0,
      "support": 66.0
    },
    "16.0": {
      "precision": 0.16129032258064516,
      "recall": 0.01466275659824047,
      "f1-score": 0.026881720430107527,
      "support": 341.0
    },
    "17.0": {
      "precision": 0.0,
      "recall": 0.0,
      "f1-score": 0.0,
      "support": 11.0
    },
    "18.0": {
      "precision": 0.0,
      "recall": 0.0,
      "f1-score": 0.0,
      "support": 35.0
    },
    "19.0": {
      "precision": 0.0,
      "recall": 0.0,
      "f1-score": 0.0,
      "support": 13.0
    },
    "20.0": {
      "precision": 0.3333333333333333,
      "recall": 0.23157894736842105,
      "f1-score": 0.2732919254658385,
      "support": 285.0
    },
    "21.0": {
      "precision": 0.0,
      "recall": 0.0,
      "f1-score": 0.0,
      "support": 12.0
    },
    "22.0": {
      "precision": 0.2656,
      "recall": 0.8352201257861636,
      "f1-score": 0.40303490136570563,
      "support": 795.0
    },
    "23.0": {
      "precision": 0.13043478260869565,
      "recall": 0.009433962264150943,
      "f1-score": 0.017595307917888565,
      "support": 318.0
    },
    "24.0": {
      "precision": 0.0,
      "recall": 0.0,
      "f1-score": 0.0,
      "support": 4.0
    },
    "25.0": {
      "precision": 0.0,
      "recall": 0.0,
      "f1-score": 0.0,
      "support": 9.0
    },
    "26.0": {
      "precision": 0.0,
      "recall": 0.0,
      "f1-score": 0.0,
      "support": 12.0
    },
    "27.0": {
      "precision": 0.0,
      "recall": 0.0,
      "f1-score": 0.0,
      "support": 13.0
    },
    "28.0": {
      "precision": 0.0,
      "recall": 0.0,
      "f1-score": 0.0,
      "support": 60.0
    },
    "29.0": {
      "precision": 0.0,
      "recall": 0.0,
      "f1-score": 0.0,
      "support": 61.0
    },
    "30.0": {
      "precision": 0.2,
      "recall": 0.006968641114982578,
      "f1-score": 0.013468013468013467,
      "support": 287.0
    },
    "77.0": {
      "precision": 0.0,
      "recall": 0.0,
      "f1-score": 0.0,
      "support": 72.0
    },
    "99.0": {
      "precision": 0.0,
      "recall": 0.0,
      "f1-score": 0.0,
      "support": 8.0
    },
    "accuracy": 0.2682119205298013,
    "macro avg": {
      "precision": 0.08042929804442353,
      "recall": 0.048811087800213225,
      "f1-score": 0.037916558862691074,
      "support": 3322.0
    },
    "weighted avg": {
      "precision": 0.20939704599683248,
      "recall": 0.2682119205298013,
      "f1-score": 0.168583712351396,
      "support": 3322.0
    }
  },
  "feature_importance": [
    {
      "feature": "_SEX",
      "importance": 0.19490364801960366
    },
    {
      "feature": "HEIGHT3",
      "importance": 0.1236237303462256
    },
    {
      "feature": "WEIGHT2",
      "importance": 0.09874139136394575
    },
    {
      "feature": "_AGE80",
      "importance": 0.08367856990327009
    },
    {
      "feature": "INCOME3",
      "importance": 0.06810465591616982
    },
    {
      "feature": "_AGEG5YR",
      "importance": 0.04974372991834648
    },
    {
      "feature": "MARITAL",
      "importance": 0.04104975794976536
    },
    {
      "feature": "EMPLOY1",
      "importance": 0.038760896540452346
    },
    {
      "feature": "EDUCA",
      "importance": 0.03533990651291396
    },
    {
      "feature": "_EDUCAG",
      "importance": 0.032128985266520034
    },
    {
      "feature": "VETERAN3",
      "importance": 0.030052591425880973
    },
    {
      "feature": "RENTHOM1",
      "importance": 0.029051462517822653
    },
    {
      "feature": "_IMPRACE",
      "importance": 0.026037532525342456
    },
    {
      "feature": "_AGE_G",
      "importance": 0.021645430579757655
    },
    {
      "feature": "_MRACE1",
      "importance": 0.020793440292042043
    },
    {
      "feature": "_RACE",
      "importance": 0.019453614755144573
    },
    {
      "feature": "_RACEPRV",
      "importance": 0.019155451452783086
    },
    {
      "feature": "CPDEMO1C",
      "importance": 0.018090970055437604
    },
    {
      "feature": "CHILDREN",
      "importance": 0.015485581028635256
    },
    {
      "feature": "_RACEGR3",
      "importance": 0.014869541081759254
    },
    {
      "feature": "_AGE65YR",
      "importance": 0.011193275263052522
    },
    {
      "feature": "_RACEG21",
      "importance": 0.00809583728512899
    }
  ],