{
  "target_column": "CNCRTYP2",
  "accuracy": 0.2667068031306442,
  "classification_report": {
    "1.0": {
      "precision": 0.0,
      "recall": 0.0,
      "f1-score": 0.0,
      "support": 68.0
    },
    "2.0": {
      "precision": 0.0,
      "recall": 0.0,
      "f1-score": 0.0,
      "support": 25.0
    },
    "3.0": {
      "precision": 0.0,
      "recall": 0.0,
      "f1-score": 0.0,
      "support": 11.0
    },
    "4.0": {
      "precision": 0.0,
      "recall": 0.0,
      "f1-score": 0.0,
      "support": 12.0
    },
    "5.0": {
      "precision": 0.2820976491862568,
      "recall": 0.34743875278396436,
      "f1-score": 0.31137724550898205,
      "support": 449.0
    },
    "6.0": {
      "precision": 0.14285714285714285,
      "recall": 0.10344827586206896,
      "f1-score": 0.12,
      "support": 58.0
    },
    "7.0": {
      "precision": 0.0,
      "recall": 0.0,
      "f1-score": 0.0,
      "support": 101.0
    },
    "8.0": {
      "precision": 0.0,
      "recall": 0.0,
      "f1-score": 0.0,
      "support": 10.0
    },
    "9.0": {
      "precision": 0.0,
      "recall": 0.0,
      "f1-score": 0.0,
      "support": 1.0
    },
    "10.0": {
      "precision": 0.0,
      "recall": 0.0,
      "f1-score": 0.0,
      "support": 52.0
    },
    "11.0": {
      "precision": 0.0,
      "recall": 0.0,
      "f1-score": 0.0,
      "support": 1.0
    },
    "12.0": {
      "precision": 0.0,
      "recall": 0.0,
      "f1-score": 0.0,
      "support": 40.0
    },
    "13.0": {
      "precision": 0.0,
      "recall": 0.0,
      "f1-score": 0.0,
      "support": 13.0
    },
    "14.0": {
      "precision": 0.0,
      "recall": 0.0,
      "f1-score": 0.0,
      "support": 79.0
    },
    "15.0": {
      "precision": 0.0,
      "recall": 0.0,
      "f1-score": 0.0,
      "support": 66.0
    },
    "16.0": {
      "precision": 0.2,
      "recall": 0.017595307917888565,
      "f1-score": 0.03234501347708895,
      "support": 341.0
    },
    "17.0": {
      "precision": 0.0,
      "recall": 0.0,
      "f1-score": 0.0,
      "support": 11.0
    },
    "18.0": {
      "precision": 0.0,
      "recall": 0.0,
      "f1-score": 0.0,
      "support": 35.0
    },
    "19.0": {
      "precision": 0.0,
      "recall": 0.0,
      "f1-score": 0.0,
      "support": 13.0
    },
    "20.0": {
      "precision": 0.28270042194092826,
      "recall": 0.23508771929824562,
      "f1-score": 0.2567049808429119,
      "support": 285.0
    },
    "21.0": {
      "precision": 0.0,
      "recall": 0.0,
      "f1-score": 0.0,
      "support": 12.0
    },
    "22.0": {
      "precision": 0.2661989269500619,
      "recall": 0.8113207547169812,
      "f1-score": 0.40087010565568676,
      "support": 795.0
    },
    "23.0": {
      "precision": 0.1111111111111111,
      "recall": 0.009433962264150943,
      "f1-score": 0.017391304347826087,
      "support": 318.0
    },
    "24.0": {
      "precision": 0.0,
      "recall": 0.0,
      "f1-score": 0.0,
      "support": 4.0
    },
    "25.0": {
      "precision": 0.0,
      "recall": 0.0,
      "f1-score": 0.0,
      "support": 9.0
    },
    "26.0": {
      "precision": 0.0,
      "recall": 0.0,
      "f1-score": 0.0,
      "support": 12.0
    },
    "27.0": {
      "precision": 0.0,
      "recall": 0.0,
      "f1-score": 0.0,
      "support": 13.0
    },
    "28.0": {
      "precision": 0.0,
      "recall": 0.0,
      "f1-score": 0.0,
      "support": 60.0
    },
    "29.0": {
      "precision": 0.0,
      "recall": 0.0,
      "f1-score": 0.0,
      "support": 61.0
    },
    "30.0": {
      "precision": 0.3333333333333333,
      "recall": 0.010452961672473868,
      "f1-score": 0.02027027027027027,
      "support": 287.0
    },
    "77.0": {
      "precision": 0.0,
      "recall": 0.0,
      "f1-score": 0.0,
      "support": 72.0
    },
    "99.0": {
      "precision": 0.0,
      "recall": 0.0,
      "f1-score": 0.0,
      "support": 8.0
    },
    "accuracy": 0.2667068031306442,
    "macro avg": {
      "precision": 0.050571830793088565,
      "recall": 0.047961804203617925,
      "f1-score": 0.03621746625321144,
      "support": 3322.0
    },
    "weighted avg": {
      "precision": 0.18854464959325928,
      "recall": 0.2667068031306442,
      "f1-score": 0.16887377745812682,
      "support": 3322.0
    }
  },
  "feature_importance": [
    {
      "feature": "SEXVAR",
      "importance": 0.2811718711723565
    },
    {
      "feature": "_AGE80",
      "importance": 0.154748603027771
    },
    {
      "feature": "INCOME3",
      "importance": 0.10491937969997724
    },
    {
      "feature": "_IMPRACE",
      "importance": 0.10048044559065022
    },
    {
      "feature": "MARITAL",
      "importance": 0.06680643219206164
    },
    {
      "feature": "EDUCA",
      "importance": 0.06631028883888433
    },
    {
      "feature": "EMPLOY1",
      "importance": 0.06334341422881386
    },
    {
      "feature": "VETERAN3",
      "importance": 0.04899030911313796
    },
    {
      "feature": "RENTHOM1",
      "importance": 0.04175771699970504
    },
    {
      "feature": "CPDEMO1C",
      "importance": 0.03427954861304607
    },
    {
      "feature": "CHILDREN",
      "importance": 0.029070013059512446
    },
    {
      "feature": "_HISPANC",
      "importance": 0.008121977464083684
    }
  ],