{
  "target_column": "CNCRTYP2",
  "accuracy": 0.2624924744130042,
  "classification_report": {
    "1.0": {
      "precision": 0.0,
      "recall": 0.0,
      "f1-score": 0.0,
      "support": 68.0
    },
    "2.0": {
      "precision": 0.0,
      "recall": 0.0,
      "f1-score": 0.0,
      "support": 25.0
    },
    "3.0": {
      "precision": 0.0,
      "recall": 0.0,
      "f1-score": 0.0,
      "support": 11.0
    },
    "4.0": {
      "precision": 0.0,
      "recall": 0.0,
      "f1-score": 0.0,
      "support": 12.0
    },
    "5.0": {
      "precision": 0.27204502814258913,
      "recall": 0.32293986636971045,
      "f1-score": 0.2953156822810591,
      "support": 449.0
    },
    "6.0": {
      "precision": 0.16666666666666666,
      "recall": 0.1206896551724138,
      "f1-score": 0.14,
      "support": 58.0
    },
    "7.0": {
      "precision": 0.0,
      "recall": 0.0,
      "f1-score": 0.0,
      "support": 101.0
    },
    "8.0": {
      "precision": 0.0,
      "recall": 0.0,
      "f1-score": 0.0,
      "support": 10.0
    },
    "9.0": {
      "precision": 0.0,
      "recall": 0.0,
      "f1-score": 0.0,
      "support": 1.0
    },
    "10.0": {
      "precision": 0.0,
      "recall": 0.0,
      "f1-score": 0.0,
      "support": 52.0
    },
    "11.0": {
      "precision": 0.0,
      "recall": 0.0,
      "f1-score": 0.0,
      "support": 1.0
    },
    "12.0": {
      "precision": 0.0,
      "recall": 0.0,
      "f1-score": 0.0,
      "support": 40.0
    },
    "13.0": {
      "precision": 0.0,
      "recall": 0.0,
      "f1-score": 0.0,
      "support": 13.0
    },
    "14.0": {
      "precision": 0.0,
      "recall": 0.0,
      "f1-score": 0.0,
      "support": 79.0
    },
    "15.0": {
      "precision": 0.0,
      "recall": 0.0,
      "f1-score": 0.0,
      "support": 66.0
    },
    "16.0": {
      "precision": 0.17391304347826086,
      "recall": 0.011730205278592375,
      "f1-score": 0.02197802197802198,
      "support": 341.0
    },
    "17.0": {
      "precision": 0.0,
      "recall": 0.0,
      "f1-score": 0.0,
      "support": 11.0
    },
    "18.0": {
      "precision": 0.0,
      "recall": 0.0,
      "f1-score": 0.0,
      "support": 35.0
    },
    "19.0": {
      "precision": 0.0,
      "recall": 0.0,
      "f1-score": 0.0,
      "support": 13.0
    },
    "20.0": {
      "precision": 0.29411764705882354,
      "recall": 0.24561403508771928,
      "f1-score": 0.2676864244741874,
      "support": 285.0
    },
    "21.0": {
      "precision": 0.0,
      "recall": 0.0,
      "f1-score": 0.0,
      "support": 12.0
    },
    "22.0": {
      "precision": 0.26111791105671156,
      "recall": 0.8050314465408805,
      "f1-score": 0.3943314849044978,
      "support": 795.0
    },
    "23.0": {
      "precision": 0.22727272727272727,
      "recall": 0.015723270440251572,
      "f1-score": 0.029411764705882353,
      "support": 318.0
    },
    "24.0": {
      "precision": 0.0,
      "recall": 0.0,
      "f1-score": 0.0,
      "support": 4.0
    },
    "25.0": {
      "precision": 0.0,
      "recall": 0.0,
      "f1-score": 0.0,
      "support": 9.0
    },
    "26.0": {
      "precision": 0.0,
      "recall": 0.0,
      "f1-score": 0.0,
      "support": 12.0
    },
    "27.0": {
      "precision": 0.0,
      "recall": 0.0,
      "f1-score": 0.0,
      "support": 13.0
    },
    "28.0": {
      "precision": 0.0,
      "recall": 0.0,
      "f1-score": 0.0,
      "support": 60.0
    },
    "29.0": {
      "precision": 0.0,
      "recall": 0.0,
      "f1-score": 0.0,
      "support": 61.0
    },
    "30.0": {
      "precision": 0.09090909090909091,
      "recall": 0.003484320557491289,
      "f1-score": 0.006711409395973154,
      "support": 287.0
    },
    "77.0": {
      "precision": 0.0,
      "recall": 0.0,
      "f1-score": 0.0,
      "support": 72.0
    },
    "99.0": {
      "precision": 0.0,
      "recall": 0.0,
      "f1-score": 0.0,
      "support": 8.0
    },
    "accuracy": 0.2624924744130042,
    "macro avg": {
      "precision": 0.04643881608077719,
      "recall": 0.04766289998272061,
      "f1-score": 0.03610733711686318,
      "support": 3322.0
    },
    "weighted avg": {
      "precision": 0.17486307561537115,
      "recall": 0.2624924744130042,
      "f1-score": 0.16534452859302678,
      "support": 3322.0
    }
  },
  "feature_importance": [
    {
      "feature": "_SEX",
      "importance": 0.28998680015094613
    },
    {
      "feature": "_AGE80",
      "importance": 0.15283680315211473
    },
    {
      "feature": "INCOME3",
      "importance": 0.10129916939822851
    },
    {
      "feature": "_IMPRACE",
      "importance": 0.10074713514962857
    },
    {
      "feature": "EDUCA",
      "importance": 0.0672877732751416
    },
    {
      "feature": "MARITAL",
      "importance": 0.06509438197245652
    },
    {
      "feature": "EMPLOY1",
      "importance": 0.06353204136311115
    },
    {
      "feature": "VETERAN3",
      "importance": 0.04566035912028576
    },
    {
      "feature": "RENTHOM1",
      "importance": 0.04212971555388769
    },
    {
      "feature": "CPDEMO1C",
      "importance": 0.03340873832538451
    },
    {
      "feature": "CHILDREN",
      "importance": 0.029444443298561718
    },
    {
      "feature": "_HISPANC",
      "importance": 0.008572639240252948
    }
  ],