{
  "target_column": "CRGVPRB3",
  "accuracy": 0.28771929824561404,
  "classification_report": {
    "1.0": {
      "precision": 0.0,
      "recall": 0.0,
      "f1-score": 0.0,
      "support": 73.0
    },
    "2.0": {
      "precision": 0.0,
      "recall": 0.0,
      "f1-score": 0.0,
      "support": 6.0
    },
    "3.0": {
      "precision": 0.0,
      "recall": 0.0,
      "f1-score": 0.0,
      "support": 160.0
    },
    "4.0": {
      "precision": 0.0,
      "recall": 0.0,
      "f1-score": 0.0,
      "support": 67.0
    },
    "5.0": {
      "precision": 0.0,
      "recall": 0.0,
      "f1-score": 0.0,
      "support": 258.0
    },
    "6.0": {
      "precision": 0.0,
      "recall": 0.0,
      "f1-score": 0.0,
      "support": 99.0
    },
    "7.0": {
      "precision": 0.0,
      "recall": 0.0,
      "f1-score": 0.0,
      "support": 80.0
    },
    "8.0": {
      "precision": 0.0,
      "recall": 0.0,
      "f1-score": 0.0,
      "support": 158.0
    },
    "9.0": {
      "precision": 0.0,
      "recall": 0.0,
      "f1-score": 0.0,
      "support": 3.0
    },
    "10.0": {
      "precision": 0.0,
      "recall": 0.0,
      "f1-score": 0.0,
      "support": 93.0
    },
    "11.0": {
      "precision": 0.0,
      "recall": 0.0,
      "f1-score": 0.0,
      "support": 52.0
    },
    "12.0": {
      "precision": 0.0,
      "recall": 0.0,
      "f1-score": 0.0,
      "support": 5.0
    },
    "13.0": {
      "precision": 0.0,
      "recall": 0.0,
      "f1-score": 0.0,
      "support": 138.0
    },
    "14.0": {
      "precision": 0.14285714285714285,
      "recall": 0.0033222591362126247,
      "f1-score": 0.006493506493506494,
      "support": 301.0
    },
    "15.0": {
      "precision": 0.28868258178603007,
      "recall": 0.9924012158054711,
      "f1-score": 0.44726027397260276,
      "support": 658.0
    },
    "77.0": {
      "precision": 0.0,
      "recall": 0.0,
      "f1-score": 0.0,
      "support": 63.0
    },
    "99.0": {
      "precision": 0.25,
      "recall": 0.030303030303030304,
      "f1-score": 0.05405405405405406,
      "support": 66.0
    },
    "accuracy": 0.28771929824561404,
    "macro avg": {
      "precision": 0.0400905720378337,
      "recall": 0.060354500308512596,
      "f1-score": 0.02987104908942137,
      "support": 2280.0
    },
    "weighted avg": {
      "precision": 0.10940927141017885,
      "recall": 0.28771929824561404,
      "f1-score": 0.1314997251298621,
      "support": 2280.0
    }
  },
  "feature_importance": [
    {
      "feature": "_AGE80",
      "importance": 0.2242501661861365
    },
    {
      "feature": "INCOME3",
      "importance": 0.14522569746228314
    },
    {
      "feature": "EMPLOY1",
      "importance": 0.0950414802458455
    },
    {
      "feature": "MARITAL",
      "importance": 0.09121999457836465
    },
    {
      "feature": "EDUCA",
      "importance": 0.08999220029685856
    },
    {
      "feature": "_IMPRACE",
      "importance": 0.08602371986185903
    },
    {
      "feature": "CHILDREN",
      "importance": 0.07132231958761952
    },
    {
      "feature": "RENTHOM1",
      "importance": 0.060252621236666054
    },
    {
      "feature": "CPDEMO1C",
      "importance": 0.04571700835348945
    },
    {
      "feature": "SEXVAR",
      "importance": 0.041006451293027824
    },
    {
      "feature": "VETERAN3",
      "importance": 0.026065241792352152
    },
    {
      "feature": "_HISPANC",
      "importance": 0.02388309910549771
    }
  ],
  "confusion_matrix": [
    [
      0,
      0,
      0,
      0,
      0,
      0,
      0,
      0,
      0,
      0,
      0,
      0,
      0,
      0,
      73,
      0,
      0
    ],
    [
      0,
      0,
      0,
      0,
      0,
      0,
      0,
      0,
      0,
      0,
      0,
      0,
      0,
      1,
      5,
      0,
      0
    ],
    [
      0,
      0,
      0,
      0,
      0,
      0,
      0,
      0,
      0,
      0,
      0,
      0,
      0,
      1,
      159,
      0,
      0
    ],
    [
      0,
      0,
      0,
      0,
      0,
      0,
      0,
      0,
      0,
      0,
      0,
      0,
      0,
      1,
      66,
      0,
      0
    ],
    [
      0,
      0,
      0,
      0,
      0,
      0,
      0,
      0,
      0,
      0,
      0,
      0,
      0,
      0,
      258,
      0,
      0
    ],
    [
      0,
      0,
      0,
      0,
      0,
      0,
      0,
      0,
      0,
      0,
      0,
      0,
      0,
      0,
      99,
      0,
      0
    ],
    [
      0,
      0,
      0,
      0,
      0,
      0,
      0,
      0,
      0,
      0,
      0,
      0,
      0,
      0,
      79,
      0,
      1
    ],
    [
      0,
      0,
      0,
      0,
      0,
      0,
      0,
      0,
      0,
      0,
      0,
      0,
      0,
      0,
      158,
      0,
      0
    ],
    [
      0,
      0,
      0,
      0,
      0,
      0,
      0,
      0,
      0,
      0,
      0,
      0,
      0,
      0,
      3,
      0,
      0
    ],
    [
      0,
      0,
      0,
      0,
      0,
      0,
      0,
      0,
      0,
      0,
      0,
      0,
      0,
      0,
      93,
      0,
      0
    ],
    [
      0,
      0,
      0,
      0,
      0,
      0,
      0,
      0,
      0,
      0,
      0,
      0,
      0,
      0,
      52,
      0,
      0
    ],
    [
      0,
      0,
      0,
      0,
      0,
      0,
      0,
      0,
      0,
      0,
      0,
      0,
      0,
      0,
      5,
      0,
      0
    ],
    [
      0,
      0,
      0,
      0,
      1,
      0,
      0,
      0,
      0,
      0,
      0,
      0,
      0,
      0,
      136,
      0,
      1
    ],
    [
      0,
      0,
      1,
      0,
      1,
      0,
      0,
      0,
      0,
      0,
      0,
      0,
      0,
      1,
      297,
      0,
      1
    ],
    [
      0,
      0,
      0,
      0,
      0,
      0,
      0,
      0,
      0,
      0,
      0,
      0,
      0,
      2,
      653,
      0,
      3
    ],
    [
      0,
      0,
      0,
      0,
      0,
      0,
      0,
      0,
      0,
      0,
      0,
      0,
      0,
      0,
      63,
      0,
      0
    ],
    [
      0,
      0,
      0,
      0,
      0,
      0,
      0,
      0,
      0,
      0,
      0,
      0,
      0,
      1,
      63,
      0,
      2
    ]
  ],
  "class_labels": [
    "Arthritis/ rheumatism",
    "Asthma",
    "Cancer",
    "Chronic respiratory conditions such as emphysema or COPD",
    "Alzheimer's disease, dementia or other cognitive impairment disorder -  Go to Module 14.07 CRGVPER1",
    "Developmental disabilities such as autism, Down's Syndrome, and spina bifida",
    "Diabetes",
    "Heart disease, hypertension, stroke",
    "Human Immunodeficiency Virus Infection (H.I.V.)",
    "Mental illnesses, such as anxiety, depression, or schizophrenia",
    "Other organ failure or diseases such as kidney or liver problems",
    "Substance abuse or addiction disorders",
    "Injuries, including broken bones",
    "Old age/ infirmity/frailty",
    "Other",
    "Don't know/Not Sure",
    "Refused"
  ],
  "model_parameters": {
    "n_estimators": 100,
    "max_depth": 10,
    "min_samples_split": 10,
    "min_samples_leaf": 5,
    "random_state": 42,
    "n_jobs": -1
  },
  "analysis_metadata": {
    "total_samples": 11397,
    "training_samples": 9117,
    "test_samples": 2280,
    "features_used": [
      "MARITAL",
      "EDUCA",
      "RENTHOM1",
      "CPDEMO1C",
      "VETERAN3",
      "EMPLOY1",
      "CHILDREN",
      "INCOME3",
      "SEXVAR",
      "_HISPANC",
      "_IMPRACE",
      "_AGE80"
    ],
    "features_dropped_missing": 4,
    "target_missing_dropped": 421926,
    "hyperparameter_tuning": false,
    "analysis_time_seconds": 0.20820212364196777,
    "target_distribution": {
      "1.0": 367,
      "2.0": 29,
      "3.0": 802,
      "4.0": 337,
      "5.0": 1290,
      "6.0": 494,
      "7.0": 399,
      "8.0": 790,
      "9.0": 16,
      "10.0": 464,