{
  "target_column": "CRGVREL4",
  "accuracy": 0.36395298215063127,
  "classification_report": {
    "1.0": {
      "precision": 0.26807980049875313,
      "recall": 0.5193236714975845,
      "f1-score": 0.3536184210526316,
      "support": 414.0
    },
    "2.0": {
      "precision": 0.0,
      "recall": 0.0,
      "f1-score": 0.0,
      "support": 164.0
    },
    "3.0": {
      "precision": 0.0,
      "recall": 0.0,
      "f1-score": 0.0,
      "support": 74.0
    },
    "4.0": {
      "precision": 0.0,
      "recall": 0.0,
      "f1-score": 0.0,
      "support": 31.0
    },
    "5.0": {
      "precision": 0.2052980132450331,
      "recall": 0.14285714285714285,
      "f1-score": 0.16847826086956522,
      "support": 217.0
    },
    "6.0": {
      "precision": 0.5194174757281553,
      "recall": 0.7896678966789668,
      "f1-score": 0.6266471449487555,
      "support": 271.0
    },
    "7.0": {
      "precision": 0.45372460496614,
      "recall": 0.8663793103448276,
      "f1-score": 0.5955555555555555,
      "support": 232.0
    },
    "8.0": {
      "precision": 0.0,
      "recall": 0.0,
      "f1-score": 0.0,
      "support": 27.0
    },
    "9.0": {
      "precision": 0.0,
      "recall": 0.0,
      "f1-score": 0.0,
      "support": 75.0
    },
    "10.0": {
      "precision": 0.0,
      "recall": 0.0,
      "f1-score": 0.0,
      "support": 99.0
    },
    "11.0": {
      "precision": 0.32,
      "recall": 0.2222222222222222,
      "f1-score": 0.26229508196721313,
      "support": 72.0
    },
    "12.0": {
      "precision": 0.0,
      "recall": 0.0,
      "f1-score": 0.0,
      "support": 24.0
    },
    "13.0": {
      "precision": 0.0,
      "recall": 0.0,
      "f1-score": 0.0,
      "support": 19.0
    },
    "14.0": {
      "precision": 0.0,
      "recall": 0.0,
      "f1-score": 0.0,
      "support": 144.0
    },
    "15.0": {
      "precision": 0.3663594470046083,
      "recall": 0.39650872817955113,
      "f1-score": 0.38083832335329343,
      "support": 401.0
    },
    "77.0": {
      "precision": 0.0,
      "recall": 0.0,
      "f1-score": 0.0,
      "support": 10.0
    },
    "99.0": {
      "precision": 0.0,
      "recall": 0.0,
      "f1-score": 0.0,
      "support": 23.0
    },
    "accuracy": 0.36395298215063127,
    "macro avg": {
      "precision": 0.1254634906730994,
      "recall": 0.17276229245766442,
      "f1-score": 0.1404372228086479,
      "support": 2297.0
    },
    "weighted avg": {
      "precision": 0.2488076137588065,
      "recall": 0.36395298215063127,
      "f1-score": 0.28844122231641134,
      "support": 2297.0
    }
  },
  "feature_importance": [
    {
      "feature": "_AGE80",
      "importance": 0.23503625727027855
    },
    {
      "feature": "MARITAL",
      "importance": 0.1965287988474031
    },
    {
      "feature": "_SEX",
      "importance": 0.17671856891416057
    },
    {
      "feature": "INCOME3",
      "importance": 0.08311762826023794
    },
    {
      "feature": "EMPLOY1",
      "importance": 0.07542966207218123
    },
    {
      "feature": "CHILDREN",
      "importance": 0.047605412591477374
    },
    {
      "feature": "EDUCA",
      "importance": 0.04587453214469802
    },
    {
      "feature": "_IMPRACE",
      "importance": 0.04300076116905485
    },
    {
      "feature": "RENTHOM1",
      "importance": 0.033580626139294835
    },
    {
      "feature": "VETERAN3",
      "importance": 0.03219704168804761
    },
    {
      "feature": "CPDEMO1C",
      "importance": 0.01900543019970612
    },
    {
      "feature": "_HISPANC",
      "importance": 0.01190528070345989
    }
  ],
  "confusion_matrix": [
    [
      215,
      0,
      0,
      0,
      23,
      57,
      49,
      0,
      0,
      0,
      8,
      0,
      0,
      0,
      62,
      0,
      0
    ],
    [
      98,
      0,
      0,
      0,
      17,
      8,
      26,
      0,
      0,
      0,
      2,
      0,
      0,
      0,
      13,
      0,
      0
    ],
    [
      31,
      1,
      0,
      0,
      5,
      10,
      24,
      0,
      0,
      0,
      0,
      0,
      0,
      0,
      3,
      0,
      0
    ],
    [
      14,
      0,
      0,
      0,
      5,
      3,
      9,
      0,
      0,
      0,
      0,
      0,
      0,
      0,
      0,
      0,
      0
    ],
    [
      81,
      1,
      0,
      0,
      31,
      24,
      26,
      0,
      0,
      0,
      1,
      0,
      0,
      0,
      53,
      0,
      0
    ],
    [
      37,
      0,
      0,
      0,
      13,
      214,
      3,
      0,
      0,
      0,
      0,
      0,
      0,
      0,
      4,
      0,
      0
    ],
    [
      16,
      0,
      0,
      0,
      1,
      2,
      201,
      0,
      0,
      0,
      0,
      0,
      0,
      0,
      12,
      0,
      0
    ],
    [
      12,
      0,
      0,
      0,
      0,
      3,
      0,
      0,
      0,
      0,
      1,
      0,
      0,
      0,
      11,
      0,
      0
    ],
    [
      19,
      0,
      0,
      0,
      3,
      9,
      13,
      0,
      0,
      0,
      2,
      0,
      0,
      1,
      28,
      0,
      0
    ],
    [
      31,
      0,
      0,
      0,
      4,
      16,
      11,
      0,
      0,
      0,
      1,
      0,
      0,
      0,
      36,
      0,
      0
    ],
    [
      34,
      0,
      0,
      0,
      13,
      0,
      4,
      0,
      0,
      0,
      16,
      0,
      0,
      0,
      5,
      0,
      0
    ],
    [
      8,
      0,
      0,
      0,
      1,
      1,
      2,
      0,
      0,
      0,
      9,
      0,
      0,
      0,
      3,
      0,
      0
    ],
    [
      4,
      0,
      0,
      0,
      1,
      3,
      2,
      0,
      0,
      0,
      0,
      0,
      0,
      0,
      9,
      0,
      0
    ],
    [
      61,
      1,
      0,
      0,
      14,
      14,
      17,
      1,
      0,
      0,
      3,
      0,
      0,
      0,
      33,
      0,
      0
    ],
    [
      126,
      0,
      0,
      0,
      17,
      48,
      46,
      0,
      0,
      0,
      5,
      0,
      0,
      0,
      159,
      0,
      0
    ],
    [
      4,
      0,
      0,
      0,
      0,
      0,
      5,
      0,
      0,
      0,
      0,
      0,
      0,
      0,
      1,
      0,
      0
    ],
    [
      11,
      0,
      0,
      0,
      3,
      0,
      5,
      0,
      0,
      0,
      2,
      0,
      0,
      0,
      2,
      0,
      0
    ]
  ],
  "class_labels": [
    "Mother",
    "Father",
    "Mother-in-law",
    "Father-in-law",
    "Child",
    "Husband",
    "Wife",
    "Live-in partner",
    "Brother or brother-in-law",
    "Sister or sister-in-law",
    "Grandmother",
    "Grandfather",
    "Grandchild",
    "Other relative",
    "Non-relative/Family friend",
    "Don't know/Not Sure",
    "Refused"
  ],
  "model_parameters": {
    "n_estimators": 100,
    "max_depth": 10,
    "min_samples_split": 10,
    "min_samples_leaf": 5,
    "random_state": 42,
    "n_jobs": -1
  },
  "analysis_metadata": {
    "total_samples": 11483,
    "training_samples": 9186,
    "test_samples": 2297,
    "features_used": [
      "MARITAL",
      "EDUCA",
      "RENTHOM1",
      "CPDEMO1C",
      "VETERAN3",
      "EMPLOY1",
      "CHILDREN",
      "INCOME3",
      "_HISPANC",
      "_IMPRACE",
      "_SEX",
      "_AGE80"
    ],
    "features_dropped_missing": 4,
    "target_missing_dropped": 421840,
    "hyperparameter_tuning": false,
    "analysis_time_seconds": 0.18241214752197266,
    "target_distribution": {
      "1.0": 2072,
      "2.0": 818,
      "3.0": 368,
      "4.0": 153,
      "5.0": 1086,
      "6.0": 1355,
      "7.0": 1160,
      "8.0": 136,
      "9.0": 373,
      "10.0": 496,
      "11.0": 361,
      "12.0": 119,
      "13.0": 95,
      "14.0": 722,
      "15.0": 2003,
      "77.0": 50,
      "99.0": 116
    }
  },
  "successful": true,
  "error_message": null
}