{
  "target_column": "CRGVPRB3",
  "accuracy": 0.2881578947368421,
  "classification_report": {
    "1.0": {
      "precision": 0.0,
      "recall": 0.0,
      "f1-score": 0.0,
      "support": 73.0
    },
    "2.0": {
      "precision": 0.0,
      "recall": 0.0,
      "f1-score": 0.0,
      "support": 6.0
    },
    "3.0": {
      "precision": 0.0,
      "recall": 0.0,
      "f1-score": 0.0,
      "support": 160.0
    },
    "4.0": {
      "precision": 0.0,
      "recall": 0.0,
      "f1-score": 0.0,
      "support": 67.0
    },
    "5.0": {
      "precision": 0.0,
      "recall": 0.0,
      "f1-score": 0.0,
      "support": 258.0
    },
    "6.0": {
      "precision": 0.0,
      "recall": 0.0,
      "f1-score": 0.0,
      "support": 99.0
    },
    "7.0": {
      "precision": 0.0,
      "recall": 0.0,
      "f1-score": 0.0,
      "support": 80.0
    },
    "8.0": {
      "precision": 0.0,
      "recall": 0.0,
      "f1-score": 0.0,
      "support": 158.0
    },
    "9.0": {
      "precision": 0.0,
      "recall": 0.0,
      "f1-score": 0.0,
      "support": 3.0
    },
    "10.0": {
      "precision": 0.0,
      "recall": 0.0,
      "f1-score": 0.0,
      "support": 93.0
    },
    "11.0": {
      "precision": 0.0,
      "recall": 0.0,
      "f1-score": 0.0,
      "support": 52.0
    },
    "12.0": {
      "precision": 0.0,
      "recall": 0.0,
      "f1-score": 0.0,
      "support": 5.0
    },
    "13.0": {
      "precision": 0.0,
      "recall": 0.0,
      "f1-score": 0.0,
      "support": 138.0
    },
    "14.0": {
      "precision": 0.0,
      "recall": 0.0,
      "f1-score": 0.0,
      "support": 301.0
    },
    "15.0": {
      "precision": 0.28892809880899867,
      "recall": 0.9954407294832827,
      "f1-score": 0.4478632478632479,
      "support": 658.0
    },
    "77.0": {
      "precision": 0.0,
      "recall": 0.0,
      "f1-score": 0.0,
      "support": 63.0
    },
    "99.0": {
      "precision": 0.2857142857142857,
      "recall": 0.030303030303030304,
      "f1-score": 0.0547945205479452,
      "support": 66.0
    },
    "accuracy": 0.2881578947368421,
    "macro avg": {
      "precision": 0.033802493207252024,
      "recall": 0.0603378682227243,
      "f1-score": 0.029568104024187827,
      "support": 2280.0
    },
    "weighted avg": {
      "precision": 0.09165431222520351,
      "recall": 0.2881578947368421,
      "f1-score": 0.13083791905709716,
      "support": 2280.0
    }
  },
  "feature_importance": [
    {
      "feature": "_AGE80",
      "importance": 0.2261172258076835
    },
    {
      "feature": "INCOME3",
      "importance": 0.14863441497893773
    },
    {
      "feature": "EMPLOY1",
      "importance": 0.09255958497064182
    },
    {
      "feature": "EDUCA",
      "importance": 0.08895058541481772
    },
    {
      "feature": "MARITAL",
      "importance": 0.08867701924612598
    },
    {
      "feature": "_IMPRACE",
      "importance": 0.08576651391579677
    },
    {
      "feature": "CHILDREN",
      "importance": 0.0689698684242929
    },
    {
      "feature": "RENTHOM1",
      "importance": 0.060681155752369015
    },
    {
      "feature": "CPDEMO1C",
      "importance": 0.04909770954947363
    },
    {
      "feature": "_SEX",
      "importance": 0.04245783054769607
    },
    {
      "feature": "_HISPANC",
      "importance": 0.025286085155757206
    },
    {
      "feature": "VETERAN3",
      "importance": 0.022802006236407667
    }
  ],
  "confusion_matrix": [
    [
      0,
      0,
      0,
      0,
      0,
      0,
      0,
      0,
      0,
      0,
      0,
      0,
      0,
      0,
      73,
      0,
      0
    ],
    [
      0,
      0,
      0,
      0,
      1,
      0,
      0,
      0,
      0,
      0,
      0,
      0,
      0,
      0,
      5,
      0,
      0
    ],
    [
      0,
      0,
      0,
      0,
      0,
      0,
      0,
      0,
      0,
      0,
      0,
      0,
      0,
      1,
      159,
      0,
      0
    ],
    [
      0,
      0,
      0,
      0,
      0,
      0,
      0,
      0,
      0,
      0,
      0,
      0,
      0,
      1,
      66,
      0,
      0
    ],
    [
      0,
      0,
      0,
      0,
      0,
      0,
      0,
      0,
      0,
      0,
      0,
      0,
      0,
      1,
      256,
      0,
      1
    ],
    [
      0,
      0,
      0,
      0,
      0,
      0,
      0,
      0,
      0,
      0,
      0,
      0,
      0,
      0,
      99,
      0,
      0
    ],
    [
      0,
      0,
      0,
      0,
      0,
      0,
      0,
      0,
      0,
      0,
      0,
      0,
      0,
      0,
      80,
      0,
      0
    ],
    [
      0,
      0,
      0,
      0,
      0,
      0,
      0,
      0,
      0,
      0,
      0,
      0,
      0,
      0,
      158,
      0,
      0
    ],
    [
      0,
      0,
      0,
      0,
      0,
      0,
      0,
      0,
      0,
      0,
      0,
      0,
      0,
      0,
      3,
      0,
      0
    ],
    [
      0,
      0,
      0,
      0,
      0,
      0,
      0,
      0,
      0,
      0,
      0,
      0,
      0,
      0,
      93,
      0,
      0
    ],
    [
      0,
      0,
      0,
      0,
      0,
      0,
      0,
      0,
      0,
      0,
      0,
      0,
      0,
      0,
      52,
      0,
      0
    ],
    [
      0,
      0,
      0,
      0,
      0,
      0,
      0,
      0,
      0,
      0,
      0,
      0,
      0,
      0,
      5,
      0,
      0
    ],
    [
      0,
      0,
      0,
      0,
      0,
      0,
      0,
      0,
      0,
      0,
      0,
      0,
      0,
      0,
      137,
      0,
      1
    ],
    [
      0,
      0,
      0,
      0,
      0,
      0,
      0,
      0,
      0,
      0,
      0,
      0,
      0,
      0,
      300,
      0,
      1
    ],
    [
      0,
      0,
      0,
      0,
      0,
      0,
      0,
      0,
      0,
      0,
      0,
      0,
      0,
      1,
      655,
      0,
      2
    ],
    [
      0,
      0,
      0,
      0,
      0,
      0,
      0,
      0,
      0,
      0,
      0,
      0,
      0,
      0,
      63,
      0,
      0
    ],
    [
      0,
      0,
      0,
      0,
      0,
      0,
      0,
      0,
      0,
      0,
      0,
      0,
      0,
      1,
      63,
      0,
      2
    ]
  ],
  "class_labels": [
    "Arthritis/ rheumatism",
    "Asthma",
    "Cancer",
    "Chronic respiratory conditions such as emphysema or COPD",
    "Alzheimer's disease, dementia or other cognitive impairment disorder -  Go to Module 14.07 CRGVPER1",
    "Developmental disabilities such as autism, Down's Syndrome, and spina bifida",
    "Diabetes",
    "Heart disease, hypertension, stroke",
    "Human Immunodeficiency Virus Infection (H.I.V.)",
    "Mental illnesses, such as anxiety, depression, or schizophrenia",
    "Other organ failure or diseases such as kidney or liver problems",
    "Substance abuse or addiction disorders",
    "Injuries, including broken bones",
    "Old age/ infirmity/frailty",
    "Other",
    "Don't know/Not Sure",
    "Refused"
  ],
  "model_parameters": {
    "n_estimators": 100,
    "max_depth": 10,
    "min_samples_split": 10,
    "min_samples_leaf": 5,
    "random_state": 42,
    "n_jobs": -1
  },
  "analysis_metadata": {
    "total_samples": 11397,
    "training_samples": 9117,
    "test_samples": 2280,
    "features_used": [
      "MARITAL",
      "EDUCA",
      "RENTHOM1",
      "CPDEMO1C",
      "VETERAN3",
      "EMPLOY1",
      "CHILDREN",
      "INCOME3",
      "_HISPANC",
      "_IMPRACE",
      "_SEX",
      "_AGE80"
    ],
    "features_dropped_missing": 4,
    "target_missing_dropped": 421926,
    "hyperparameter_tuning": false,
    "analysis_time_seconds": 0.38042664527893066,
    "target_distribution": {
      "1.0": 367,
      "2.0": 29,
      "3.0": 802,
      "4.0": 337,
      "5.0": 1290,
      "6.0": 494,
      "7.0": 399,
      "8.0": 790,
      "9.0": 16,
      "10.0": 464,
      "11.0": 258,
      "12.0": 24,