{
  "target_column": "CRGVREL4",
  "accuracy": 0.36221158032215933,
  "classification_report": {
    "1.0": {
      "precision": 0.2669962917181706,
      "recall": 0.5217391304347826,
      "f1-score": 0.35322976287816843,
      "support": 414.0
    },
    "2.0": {
      "precision": 0.0,
      "recall": 0.0,
      "f1-score": 0.0,
      "support": 164.0
    },
    "3.0": {
      "precision": 0.0,
      "recall": 0.0,
      "f1-score": 0.0,
      "support": 74.0
    },
    "4.0": {
      "precision": 0.0,
      "recall": 0.0,
      "f1-score": 0.0,
      "support": 31.0
    },
    "5.0": {
      "precision": 0.2119205298013245,
      "recall": 0.14746543778801843,
      "f1-score": 0.17391304347826086,
      "support": 217.0
    },
    "6.0": {
      "precision": 0.5121359223300971,
      "recall": 0.7785977859778598,
      "f1-score": 0.6178623718887262,
      "support": 271.0
    },
    "7.0": {
      "precision": 0.45351473922902497,
      "recall": 0.8620689655172413,
      "f1-score": 0.5943536404160475,
      "support": 232.0
    },
    "8.0": {
      "precision": 0.0,
      "recall": 0.0,
      "f1-score": 0.0,
      "support": 27.0
    },
    "9.0": {
      "precision": 0.0,
      "recall": 0.0,
      "f1-score": 0.0,
      "support": 75.0
    },
    "10.0": {
      "precision": 0.0,
      "recall": 0.0,
      "f1-score": 0.0,
      "support": 99.0
    },
    "11.0": {
      "precision": 0.3488372093023256,
      "recall": 0.20833333333333334,
      "f1-score": 0.2608695652173913,
      "support": 72.0
    },
    "12.0": {
      "precision": 0.0,
      "recall": 0.0,
      "f1-score": 0.0,
      "support": 24.0
    },
    "13.0": {
      "precision": 0.0,
      "recall": 0.0,
      "f1-score": 0.0,
      "support": 19.0
    },
    "14.0": {
      "precision": 0.0,
      "recall": 0.0,
      "f1-score": 0.0,
      "support": 144.0
    },
    "15.0": {
      "precision": 0.3632183908045977,
      "recall": 0.3940149625935162,
      "f1-score": 0.37799043062200954,
      "support": 401.0
    },
    "77.0": {
      "precision": 0.0,
      "recall": 0.0,
      "f1-score": 0.0,
      "support": 10.0
    },
    "99.0": {
      "precision": 0.0,
      "recall": 0.0,
      "f1-score": 0.0,
      "support": 23.0
    },
    "accuracy": 0.36221158032215933,
    "macro avg": {
      "precision": 0.12686018136385532,
      "recall": 0.17130703621439713,
      "f1-score": 0.1398952243823885,
      "support": 2297.0
    },
    "weighted avg": {
      "precision": 0.24871324683204668,
      "recall": 0.36221158032215933,
      "f1-score": 0.2871849242489291,
      "support": 2297.0
    }
  },
  "feature_importance": [
    {
      "feature": "_AGE80",
      "importance": 0.23652414781933664
    },
    {
      "feature": "MARITAL",
      "importance": 0.19405757505851348
    },
    {
      "feature": "SEXVAR",
      "importance": 0.17279856793034776
    },
    {
      "feature": "INCOME3",
      "importance": 0.08413597109026125
    },
    {
      "feature": "EMPLOY1",
      "importance": 0.07776988382792237
    },
    {
      "feature": "CHILDREN",
      "importance": 0.048725405666028315
    },
    {
      "feature": "EDUCA",
      "importance": 0.04604823897463198
    },
    {
      "feature": "_IMPRACE",
      "importance": 0.043384050942588195
    },
    {
      "feature": "RENTHOM1",
      "importance": 0.033785088492828824
    },
    {
      "feature": "VETERAN3",
      "importance": 0.03132868837992533
    },
    {
      "feature": "CPDEMO1C",
      "importance": 0.019647716209213472
    },
    {
      "feature": "_HISPANC",
      "importance": 0.011794665608402331
    }
  ],
  "confusion_matrix": [
    [
      216,
      1,
      0,
      0,
      23,
      56,
      48,
      0,
      0,
      0,
      7,
      0,
      0,
      1,
      62,
      0,
      0
    ],
    [
      98,
      0,
      0,
      0,
      14,
      11,
      26,
      0,
      0,
      0,
      2,
      0,
      0,
      0,
      13,
      0,
      0
    ],
    [
      32,
      0,
      0,
      0,
      4,
      10,
      25,
      0,
      0,
      0,
      0,
      0,
      0,
      0,
      3,
      0,
      0
    ],
    [
      12,
      0,
      0,
      0,
      6,
      3,
      10,
      0,
      0,
      0,
      0,
      0,
      0,
      0,
      0,
      0,
      0
    ],
    [
      78,
      1,
      0,
      0,
      32,
      24,
      25,
      0,
      0,
      0,
      2,
      0,
      0,
      2,
      53,
      0,
      0
    ],
    [
      41,
      0,
      0,
      0,
      12,
      211,
      3,
      0,
      0,
      0,
      0,
      0,
      0,
      0,
      4,
      0,
      0
    ],
    [
      14,
      0,
      0,
      0,
      1,
      3,
      200,
      0,
      0,
      0,
      0,
      0,
      0,
      0,
      14,
      0,
      0
    ],
    [
      13,
      0,
      0,
      0,
      0,
      3,
      0,
      0,
      0,
      0,
      0,
      0,
      0,
      0,
      11,
      0,
      0
    ],
    [
      21,
      0,
      0,
      0,
      2,
      9,
      13,
      0,
      0,
      0,
      2,
      0,
      0,
      1,
      27,
      0,
      0
    ],
    [
      30,
      0,
      0,
      0,
      4,
      16,
      11,
      0,
      0,
      0,
      1,
      0,
      0,
      0,
      37,
      0,
      0
    ],
    [
      38,
      0,
      0,
      0,
      13,
      0,
      3,
      0,
      0,
      0,
      15,
      0,
      0,
      0,
      3,
      0,
      0
    ],
    [
      11,
      0,
      0,
      0,
      1,
      1,
      2,
      0,
      0,
      0,
      7,
      0,
      0,
      0,
      2,
      0,
      0
    ],
    [
      4,
      0,
      0,
      0,
      2,
      3,
      1,
      0,
      0,
      0,
      0,
      0,
      0,
      0,
      9,
      0,
      0
    ],
    [
      61,
      0,
      0,
      0,
      15,
      15,
      17,
      0,
      0,
      0,
      1,
      0,
      0,
      0,
      35,
      0,
      0
    ],
    [
      126,
      0,
      0,
      0,
      19,
      47,
      46,
      0,
      0,
      0,
      5,
      0,
      0,
      0,
      158,
      0,
      0
    ],
    [
      4,
      0,
      0,
      0,
      0,
      0,
      5,
      0,
      0,
      0,
      0,
      0,
      0,
      0,
      1,
      0,
      0
    ],
    [
      10,
      0,
      0,
      0,
      3,
      0,
      6,
      0,
      0,
      0,
      1,
      0,
      0,
      0,
      3,
      0,
      0
    ]
  ],
  "class_labels": [
    "Mother",
    "Father",
    "Mother-in-law",
    "Father-in-law",
    "Child",
    "Husband",
    "Wife",
    "Live-in partner",
    "Brother or brother-in-law",
    "Sister or sister-in-law",
    "Grandmother",
    "Grandfather",
    "Grandchild",
    "Other relative",
    "Non-relative/Family friend",
    "Don't know/Not Sure",
    "Refused"
  ],
  "model_parameters": {
    "n_estimators": 100,
    "max_depth": 10,
    "min_samples_split": 10,
    "min_samples_leaf": 5,
    "random_state": 42,
    "n_jobs": -1
  },
  "analysis_metadata": {
    "total_samples": 11483,
    "training_samples": 9186,
    "test_samples": 2297,
    "features_used": [
      "MARITAL",
      "EDUCA",
      "RENTHOM1",
      "CPDEMO1C",
      "VETERAN3",
      "EMPLOY1",
      "CHILDREN",
      "INCOME3",
      "SEXVAR",
      "_HISPANC",
      "_IMPRACE",
      "_AGE80"
    ],
    "features_dropped_missing": 4,
    "target_missing_dropped": 421840,
    "hyperparameter_tuning": false,
    "analysis_time_seconds": 0.21691322326660156,
    "target_distribution": {
      "1.0": 2072,
      "2.0": 818,
      "3.0": 368,
      "4.0": 153,
      "5.0": 1086,
      "6.0": 1355,
      "7.0": 1160,
      "8.0": 136,
      "9.0": 373,
      "10.0": 496,
      "11.0": 361,
      "12.0": 119,
      "13.0": 95,
      "14.0": 722,
      "15.0": 2003,
      "77.0": 50,
      "99.0": 116
    }
  },
  "successful": true,
  "error_message": null
}