{
  "target_column": "EXRACT22",
  "accuracy": 0.2867756315007429,
  "classification_report": {
    "1.0": {
      "precision": 0.22319795096963044,
      "recall": 0.059183079460560784,
      "f1-score": 0.09355828220858896,
      "support": 10307.0
    },
    "2.0": {
      "precision": 0.25,
      "recall": 0.00042140750105351877,
      "f1-score": 0.0008413967185527977,
      "support": 2373.0
    },
    "3.0": {
      "precision": 0.0,
      "recall": 0.0,
      "f1-score": 0.0,
      "support": 6143.0
    },
    "4.0": {
      "precision": 0.0,
      "recall": 0.0,
      "f1-score": 0.0,
      "support": 2702.0
    },
    "5.0": {
      "precision": 0.0,
      "recall": 0.0,
      "f1-score": 0.0,
      "support": 671.0
    },
    "6.0": {
      "precision": 0.0,
      "recall": 0.0,
      "f1-score": 0.0,
      "support": 910.0
    },
    "7.0": {
      "precision": 0.0,
      "recall": 0.0,
      "f1-score": 0.0,
      "support": 612.0
    },
    "8.0": {
      "precision": 0.0,
      "recall": 0.0,
      "f1-score": 0.0,
      "support": 4234.0
    },
    "9.0": {
      "precision": 0.28,
      "recall": 0.003170289855072464,
      "f1-score": 0.006269592476489028,
      "support": 4416.0
    },
    "10.0": {
      "precision": 0.0,
      "recall": 0.0,
      "f1-score": 0.0,
      "support": 1666.0
    },
    "11.0": {
      "precision": 0.22539835828102367,
      "recall": 0.19918074756784435,
      "f1-score": 0.21148008879626692,
      "support": 11718.0
    },
    "77.0": {
      "precision": 0.0,
      "recall": 0.0,
      "f1-score": 0.0,
      "support": 914.0
    },
    "88.0": {
      "precision": 0.3025103952123732,
      "recall": 0.8754006184987349,
      "f1-score": 0.4496397163939871,
      "support": 17785.0
    },
    "99.0": {
      "precision": 0.0,
      "recall": 0.0,
      "f1-score": 0.0,
      "support": 157.0
    },
    "accuracy": 0.2867756315007429,
    "macro avg": {
      "precision": 0.09150762174735909,
      "recall": 0.08123972449166185,
      "f1-score": 0.054413505470991774,
      "support": 64608.0
    },
    "weighted avg": {
      "precision": 0.1880819189857769,
      "recall": 0.2867756315007429,
      "f1-score": 0.177516010495526,
      "support": 64608.0
    }
  },
  "feature_importance": [
    {
      "feature": "_AGE80",
      "importance": 0.2025931662780946
    },
    {
      "feature": "EDUCA",
      "importance": 0.1629112128881422
    },
    {
      "feature": "INCOME3",
      "importance": 0.10618938065336044
    },
    {
      "feature": "EMPLOY1",
      "importance": 0.09608364482798913
    },
    {
      "feature": "RENTHOM1",
      "importance": 0.0919877313752757
    },
    {
      "feature": "SEXVAR",
      "importance": 0.09140941089809018
    },
    {
      "feature": "_IMPRACE",
      "importance": 0.08469398064537491
    },
    {
      "feature": "MARITAL",
      "importance": 0.05038196749921151
    },
    {
      "feature": "_HISPANC",
      "importance": 0.03789211134835433
    },
    {
      "feature": "CHILDREN",
      "importance": 0.032778884848823256
    },
    {
      "feature": "CPDEMO1C",
      "importance": 0.0233806791742177
    },
    {
      "feature": "VETERAN3",
      "importance": 0.019697829563066104
    }
  ],
  "confusion_matrix": [
    [
      610,
      0,
      0,
      0,
      0,
      0,
      0,
      0,
      5,
      0,
      1932,
      0,
      7760,
      0
    ],
    [
      190,
      1,
      0,
      0,
      0,
      0,
      0,
      0,
      9,
      0,
      662,
      0,
      1511,
      0
    ],
    [
      179,
      0,
      0,
      0,
      0,
      0,
      0,
      0,
      0,
      0,
      927,
      0,
      5037,
      0
    ],
    [
      162,
      0,
      0,
      0,
      0,
      0,
      0,
      0,
      0,
      0,
      589,
      0,
      1951,
      0
    ],
    [
      49,
      0,
      0,
      0,
      0,
      0,
      0,
      0,
      0,
      0,
      65,
      0,
      557,
      0
    ],
    [
      26,
      2,
      0,
      0,
      0,
      0,
      0,
      0,
      3,
      0,
      211,
      0,
      668,
      0
    ],
    [
      25,
      0,
      0,
      0,
      0,
      0,
      0,
      0,
      0,
      0,
      111,
      0,
      476,
      0
    ],
    [
      119,
      0,
      0,
      0,
      0,
      0,
      0,
      0,
      0,
      0,
      313,
      0,
      3802,
      0
    ],
    [
      310,
      0,
      0,
      0,
      0,
      0,
      0,
      0,
      14,
      0,
      1129,
      0,
      2963,
      0
    ],
    [
      179,
      0,
      0,
      0,
      0,
      0,
      0,
      0,
      1,
      0,
      184,
      0,
      1302,
      0
    ],
    [
      443,
      1,
      0,
      0,
      0,
      0,
      0,
      0,
      6,
      0,
      2334,
      0,
      8934,
      0
    ],
    [
      13,
      0,
      0,
      0,
      0,
      0,
      0,
      0,
      2,
      0,
      99,
      0,
      800,
      0
    ],
    [
      427,
      0,
      0,
      0,
      0,
      0,
      0,
      0,
      10,
      0,
      1779,
      0,
      15569,
      0
    ],
    [
      1,
      0,
      0,
      0,
      0,
      0,
      0,
      0,
      0,
      0,
      20,
      0,
      136,
      0
    ]
  ],
  "class_labels": [
    "Walking",
    "Running or jogging",
    "Gardening or yard work",
    "Bicycling or bicycling machine exercise",
    "Aerobics video or class",
    "Calisthenics",
    "Elliptical/EFX machine exercise",
    "Household activities",
    "Weight lifting",
    "Yoga, Pilates, or Tai Chi",
    "Other",
    "Don't know/Not Sure -  Go to Section 04.08 STRENGTH",
    "No other activity -  Go to Section 04.08 STRENGTH",
    "Refused -  Go to Section 04.08 STRENGTH"
  ],
  "model_parameters": {
    "n_estimators": 100,
    "max_depth": 10,
    "min_samples_split": 10,
    "min_samples_leaf": 5,
    "random_state": 42,
    "n_jobs": -1
  },
  "analysis_metadata": {
    "total_samples": 323040,
    "training_samples": 258432,
    "test_samples": 64608,
    "features_used": [
      "MARITAL",
      "EDUCA",
      "RENTHOM1",
      "CPDEMO1C",
      "VETERAN3",
      "EMPLOY1",
      "CHILDREN",
      "INCOME3",
      "SEXVAR",
      "_HISPANC",
      "_IMPRACE",
      "_AGE80"
    ],
    "features_dropped_missing": 4,
    "target_missing_dropped": 110283,
    "hyperparameter_tuning": false,
    "analysis_time_seconds": 1.8544633388519287,
    "target_distribution": {
      "1.0": 51535,
      "2.0": 11864,
      "3.0": 30714,
      "4.0": 13508,
      "5.0": 3356,
      "6.0": 4550,
      "7.0": 3060,
      "8.0": 21168,
      "9.0": 22081,
      "10.0": 8331,
      "11.0": 58590,
      "77.0": 4571,
      "88.0": 88928,
      "99.0": 784
    }
  },
  "successful": true,
  "error_message": null
}