{
  "target_column": "EXRACT22",
  "accuracy": 0.2871316245666171,
  "classification_report": {
    "1.0": {
      "precision": 0.2229470452801228,
      "recall": 0.05636945765014068,
      "f1-score": 0.08998683497250833,
      "support": 10307.0
    },
    "2.0": {
      "precision": 0.5,
      "recall": 0.00042140750105351877,
      "f1-score": 0.0008421052631578948,
      "support": 2373.0
    },
    "3.0": {
      "precision": 0.0,
      "recall": 0.0,
      "f1-score": 0.0,
      "support": 6143.0
    },
    "4.0": {
      "precision": 0.0,
      "recall": 0.0,
      "f1-score": 0.0,
      "support": 2702.0
    },
    "5.0": {
      "precision": 0.0,
      "recall": 0.0,
      "f1-score": 0.0,
      "support": 671.0
    },
    "6.0": {
      "precision": 0.0,
      "recall": 0.0,
      "f1-score": 0.0,
      "support": 910.0
    },
    "7.0": {
      "precision": 0.0,
      "recall": 0.0,
      "f1-score": 0.0,
      "support": 612.0
    },
    "8.0": {
      "precision": 0.0,
      "recall": 0.0,
      "f1-score": 0.0,
      "support": 4234.0
    },
    "9.0": {
      "precision": 0.16666666666666666,
      "recall": 0.001585144927536232,
      "f1-score": 0.0031404217137729925,
      "support": 4416.0
    },
    "10.0": {
      "precision": 0.0,
      "recall": 0.0,
      "f1-score": 0.0,
      "support": 1666.0
    },
    "11.0": {
      "precision": 0.22738742236024845,
      "recall": 0.19994879672299026,
      "f1-score": 0.2127872127872128,
      "support": 11718.0
    },
    "77.0": {
      "precision": 0.0,
      "recall": 0.0,
      "f1-score": 0.0,
      "support": 914.0
    },
    "88.0": {
      "precision": 0.3023773570294653,
      "recall": 0.8782119763845938,
      "f1-score": 0.44986246921758666,
      "support": 17785.0
    },
    "99.0": {
      "precision": 0.0,
      "recall": 0.0,
      "f1-score": 0.0,
      "support": 157.0
    },
    "accuracy": 0.2871316245666171,
    "macro avg": {
      "precision": 0.10138417795260736,
      "recall": 0.08118119879902246,
      "f1-score": 0.05404421742530276,
      "support": 64608.0
    },
    "weighted avg": {
      "precision": 0.18980191780721672,
      "recall": 0.2871316245666171,
      "f1-score": 0.17703079031411706,
      "support": 64608.0
    }
  },
  "feature_importance": [
    {
      "feature": "_AGE80",
      "importance": 0.20771394251239042
    },
    {
      "feature": "EDUCA",
      "importance": 0.1594651417967167
    },
    {
      "feature": "INCOME3",
      "importance": 0.10466116765876506
    },
    {
      "feature": "EMPLOY1",
      "importance": 0.09567637917530379
    },
    {
      "feature": "RENTHOM1",
      "importance": 0.09457713998449209
    },
    {
      "feature": "_SEX",
      "importance": 0.08979380278222666
    },
    {
      "feature": "_IMPRACE",
      "importance": 0.08021197363291102
    },
    {
      "feature": "MARITAL",
      "importance": 0.04915812550872
    },
    {
      "feature": "_HISPANC",
      "importance": 0.04247923611319827
    },
    {
      "feature": "CHILDREN",
      "importance": 0.03341016647104647
    },
    {
      "feature": "CPDEMO1C",
      "importance": 0.022920442142044636
    },
    {
      "feature": "VETERAN3",
      "importance": 0.01993248222218491
    }
  ],
  "confusion_matrix": [
    [
      581,
      0,
      0,
      0,
      0,
      0,
      0,
      0,
      4,
      0,
      1921,
      0,
      7801,
      0
    ],
    [
      181,
      1,
      0,
      0,
      0,
      0,
      0,
      0,
      13,
      0,
      652,
      0,
      1526,
      0
    ],
    [
      175,
      0,
      0,
      0,
      0,
      0,
      0,
      0,
      0,
      0,
      914,
      0,
      5054,
      0
    ],
    [
      139,
      0,
      0,
      0,
      0,
      0,
      0,
      0,
      0,
      0,
      599,
      0,
      1964,
      0
    ],
    [
      47,
      0,
      0,
      0,
      0,
      0,
      0,
      0,
      0,
      0,
      73,
      0,
      551,
      0
    ],
    [
      27,
      0,
      0,
      0,
      0,
      0,
      0,
      0,
      2,
      0,
      204,
      0,
      677,
      0
    ],
    [
      24,
      0,
      0,
      0,
      0,
      0,
      0,
      0,
      0,
      0,
      113,
      0,
      475,
      0
    ],
    [
      109,
      0,
      0,
      0,
      0,
      0,
      0,
      0,
      1,
      0,
      314,
      0,
      3810,
      0
    ],
    [
      298,
      0,
      0,
      0,
      0,
      0,
      0,
      0,
      7,
      0,
      1115,
      0,
      2996,
      0
    ],
    [
      176,
      0,
      0,
      0,
      0,
      0,
      0,
      0,
      1,
      0,
      191,
      0,
      1298,
      0
    ],
    [
      427,
      1,
      0,
      0,
      0,
      0,
      0,
      0,
      4,
      0,
      2343,
      0,
      8943,
      0
    ],
    [
      12,
      0,
      0,
      0,
      0,
      0,
      0,
      0,
      2,
      0,
      97,
      0,
      803,
      0
    ],
    [
      409,
      0,
      0,
      0,
      0,
      0,
      0,
      0,
      8,
      0,
      1749,
      0,
      15619,
      0
    ],
    [
      1,
      0,
      0,
      0,
      0,
      0,
      0,
      0,
      0,
      0,
      19,
      0,
      137,
      0
    ]
  ],
  "class_labels": [
    "Walking",
    "Running or jogging",
    "Gardening or yard work",
    "Bicycling or bicycling machine exercise",
    "Aerobics video or class",
    "Calisthenics",
    "Elliptical/EFX machine exercise",
    "Household activities",
    "Weight lifting",
    "Yoga, Pilates, or Tai Chi",
    "Other",
    "Don't know/Not Sure -  Go to Section 04.08 STRENGTH",
    "No other activity -  Go to Section 04.08 STRENGTH",
    "Refused -  Go to Section 04.08 STRENGTH"
  ],
  "model_parameters": {
    "n_estimators": 100,
    "max_depth": 10,
    "min_samples_split": 10,
    "min_samples_leaf": 5,
    "random_state": 42,
    "n_jobs": -1
  },
  "analysis_metadata": {
    "total_samples": 323040,
    "training_samples": 258432,
    "test_samples": 64608,
    "features_used": [
      "MARITAL",
      "EDUCA",
      "RENTHOM1",
      "CPDEMO1C",
      "VETERAN3",
      "EMPLOY1",
      "CHILDREN",
      "INCOME3",
      "_HISPANC",
      "_IMPRACE",
      "_SEX",
      "_AGE80"
    ],
    "features_dropped_missing": 4,
    "target_missing_dropped": 110283,
    "hyperparameter_tuning": false,
    "analysis_time_seconds": 1.6205637454986572,
    "target_distribution": {
      "1.0": 51535,
      "2.0": 11864,
      "3.0": 30714,
      "4.0": 13508,
      "5.0": 3356,
      "6.0": 4550,
      "7.0": 3060,
      "8.0": 21168,
      "9.0": 22081,
      "10.0": 8331,
      "11.0": 58590,
      "77.0": 4571,
      "88.0": 88928,
      "99.0": 784
    }
  },
  "successful": true,
  "error_message": null
}