{
  "target_column": "FLSHTMY3",
  "accuracy": 0.2629895677335838,
  "classification_report": {
    "12022.0": {
      "precision": 0.0,
      "recall": 0.0,
      "f1-score": 0.0,
      "support": 5.0
    },
    "12023.0": {
      "precision": 0.0,
      "recall": 0.0,
      "f1-score": 0.0,
      "support": 1470.0
    },
    "12024.0": {
      "precision": 0.0,
      "recall": 0.0,
      "f1-score": 0.0,
      "support": 35.0
    },
    "22022.0": {
      "precision": 0.0,
      "recall": 0.0,
      "f1-score": 0.0,
      "support": 27.0
    },
    "22023.0": {
      "precision": 0.0,
      "recall": 0.0,
      "f1-score": 0.0,
      "support": 975.0
    },
    "32022.0": {
      "precision": 0.0,
      "recall": 0.0,
      "f1-score": 0.0,
      "support": 59.0
    },
    "32023.0": {
      "precision": 0.0,
      "recall": 0.0,
      "f1-score": 0.0,
      "support": 551.0
    },
    "42022.0": {
      "precision": 0.0,
      "recall": 0.0,
      "f1-score": 0.0,
      "support": 61.0
    },
    "42023.0": {
      "precision": 0.0,
      "recall": 0.0,
      "f1-score": 0.0,
      "support": 314.0
    },
    "52022.0": {
      "precision": 0.0,
      "recall": 0.0,
      "f1-score": 0.0,
      "support": 61.0
    },
    "52023.0": {
      "precision": 0.0,
      "recall": 0.0,
      "f1-score": 0.0,
      "support": 224.0
    },
    "62022.0": {
      "precision": 0.0,
      "recall": 0.0,
      "f1-score": 0.0,
      "support": 98.0
    },
    "62023.0": {
      "precision": 0.0,
      "recall": 0.0,
      "f1-score": 0.0,
      "support": 201.0
    },
    "72022.0": {
      "precision": 0.0,
      "recall": 0.0,
      "f1-score": 0.0,
      "support": 95.0
    },
    "72023.0": {
      "precision": 0.0,
      "recall": 0.0,
      "f1-score": 0.0,
      "support": 153.0
    },
    "82022.0": {
      "precision": 0.0,
      "recall": 0.0,
      "f1-score": 0.0,
      "support": 470.0
    },
    "82023.0": {
      "precision": 0.0,
      "recall": 0.0,
      "f1-score": 0.0,
      "support": 424.0
    },
    "92022.0": {
      "precision": 0.0,
      "recall": 0.0,
      "f1-score": 0.0,
      "support": 4046.0
    },
    "92023.0": {
      "precision": 0.0,
      "recall": 0.0,
      "f1-score": 0.0,
      "support": 2449.0
    },
    "102022.0": {
      "precision": 0.2661279124663279,
      "recall": 0.9566736547868623,
      "f1-score": 0.41641680789119195,
      "support": 10017.0
    },
    "102023.0": {
      "precision": 0.16666666666666666,
      "recall": 0.000206058108386565,
      "f1-score": 0.00041160732661041366,
      "support": 4853.0
    },
    "112022.0": {
      "precision": 0.15254237288135594,
      "recall": 0.007263922518159807,
      "f1-score": 0.01386748844375963,
      "support": 4956.0
    },
    "112023.0": {
      "precision": 0.0,
      "recall": 0.0,
      "f1-score": 0.0,
      "support": 1970.0
    },
    "122022.0": {
      "precision": 0.0,
      "recall": 0.0,
      "f1-score": 0.0,
      "support": 1802.0
    },
    "122023.0": {
      "precision": 0.0,
      "recall": 0.0,
      "f1-score": 0.0,
      "support": 513.0
    },
    "777777.0": {
      "precision": 0.23553719008264462,
      "recall": 0.21366782006920415,
      "f1-score": 0.22407015421832477,
      "support": 3468.0
    },
    "999999.0": {
      "precision": 0.0,
      "recall": 0.0,
      "f1-score": 0.0,
      "support": 100.0
    },
    "accuracy": 0.2629895677335838,
    "macro avg": {
      "precision": 0.030402746003592412,
      "recall": 0.04362264649935602,
      "f1-score": 0.024250594736292104,
      "support": 39397.0
    },
    "weighted avg": {
      "precision": 0.1281183746913509,
      "recall": 0.2629895677335838,
      "f1-score": 0.12739668661467962,
      "support": 39397.0
    }
  },
  "feature_importance": [
    {
      "feature": "_AGE80",
      "importance": 0.16761475575808088
    },
    {
      "feature": "INCOME3",
      "importance": 0.158832036278717
    },
    {
      "feature": "EDUCA",
      "importance": 0.12057211385003294
    },
    {
      "feature": "_IMPRACE",
      "importance": 0.10062656686316089
    },
    {
      "feature": "RENTHOM1",
      "importance": 0.09363155856209532
    },
    {
      "feature": "EMPLOY1",
      "importance": 0.07945119747333367
    },
    {
      "feature": "MARITAL",
      "importance": 0.07462438516268598
    },
    {
      "feature": "_SEX",
      "importance": 0.06249487596245022
    },
    {
      "feature": "CHILDREN",
      "importance": 0.046998518755847235
    },
    {
      "feature": "CPDEMO1C",
      "importance": 0.03979079892294232
    },
    {
      "feature": "_HISPANC",
      "importance": 0.03434407689557237
    },
    {
      "feature": "VETERAN3",
      "importance": 0.021019115515081142
    }
  ],