{
  "target_column": "FLSHTMY3",
  "accuracy": 0.2630657156636292,
  "classification_report": {
    "12022.0": {
      "precision": 0.0,
      "recall": 0.0,
      "f1-score": 0.0,
      "support": 5.0
    },
    "12023.0": {
      "precision": 0.0,
      "recall": 0.0,
      "f1-score": 0.0,
      "support": 1470.0
    },
    "12024.0": {
      "precision": 0.0,
      "recall": 0.0,
      "f1-score": 0.0,
      "support": 35.0
    },
    "22022.0": {
      "precision": 0.0,
      "recall": 0.0,
      "f1-score": 0.0,
      "support": 27.0
    },
    "22023.0": {
      "precision": 0.0,
      "recall": 0.0,
      "f1-score": 0.0,
      "support": 975.0
    },
    "32022.0": {
      "precision": 0.0,
      "recall": 0.0,
      "f1-score": 0.0,
      "support": 59.0
    },
    "32023.0": {
      "precision": 0.0,
      "recall": 0.0,
      "f1-score": 0.0,
      "support": 551.0
    },
    "42022.0": {
      "precision": 0.0,
      "recall": 0.0,
      "f1-score": 0.0,
      "support": 61.0
    },
    "42023.0": {
      "precision": 0.0,
      "recall": 0.0,
      "f1-score": 0.0,
      "support": 314.0
    },
    "52022.0": {
      "precision": 0.0,
      "recall": 0.0,
      "f1-score": 0.0,
      "support": 61.0
    },
    "52023.0": {
      "precision": 0.0,
      "recall": 0.0,
      "f1-score": 0.0,
      "support": 224.0
    },
    "62022.0": {
      "precision": 0.0,
      "recall": 0.0,
      "f1-score": 0.0,
      "support": 98.0
    },
    "62023.0": {
      "precision": 0.0,
      "recall": 0.0,
      "f1-score": 0.0,
      "support": 201.0
    },
    "72022.0": {
      "precision": 0.0,
      "recall": 0.0,
      "f1-score": 0.0,
      "support": 95.0
    },
    "72023.0": {
      "precision": 0.0,
      "recall": 0.0,
      "f1-score": 0.0,
      "support": 153.0
    },
    "82022.0": {
      "precision": 0.0,
      "recall": 0.0,
      "f1-score": 0.0,
      "support": 470.0
    },
    "82023.0": {
      "precision": 0.0,
      "recall": 0.0,
      "f1-score": 0.0,
      "support": 424.0
    },
    "92022.0": {
      "precision": 0.3333333333333333,
      "recall": 0.00024715768660405336,
      "f1-score": 0.0004939491232403062,
      "support": 4046.0
    },
    "92023.0": {
      "precision": 0.0,
      "recall": 0.0,
      "f1-score": 0.0,
      "support": 2449.0
    },
    "102022.0": {
      "precision": 0.266581277496241,
      "recall": 0.9557751821902766,
      "f1-score": 0.41688619886351264,
      "support": 10017.0
    },
    "102023.0": {
      "precision": 1.0,
      "recall": 0.000206058108386565,
      "f1-score": 0.00041203131437989287,
      "support": 4853.0
    },
    "112022.0": {
      "precision": 0.1506849315068493,
      "recall": 0.00887812752219532,
      "f1-score": 0.01676829268292683,
      "support": 4956.0
    },
    "112023.0": {
      "precision": 0.0,
      "recall": 0.0,
      "f1-score": 0.0,
      "support": 1970.0
    },
    "122022.0": {
      "precision": 0.0,
      "recall": 0.0,
      "f1-score": 0.0,
      "support": 1802.0
    },
    "122023.0": {
      "precision": 0.0,
      "recall": 0.0,
      "f1-score": 0.0,
      "support": 513.0
    },
    "777777.0": {
      "precision": 0.23344838406024473,
      "recall": 0.21453287197231835,
      "f1-score": 0.22359128474830955,
      "support": 3468.0
    },
    "999999.0": {
      "precision": 0.0,
      "recall": 0.0,
      "f1-score": 0.0,
      "support": 100.0
    },
    "accuracy": 0.2630657156636292,
    "macro avg": {
      "precision": 0.07348325653320995,
      "recall": 0.043690348054806705,
      "f1-score": 0.02437599099008775,
      "support": 39397.0
    },
    "weighted avg": {
      "precision": 0.264700480742579,
      "recall": 0.2630657156636292,
      "f1-score": 0.12788957012414257,
      "support": 39397.0
    }
  },
  "feature_importance": [
    {
      "feature": "INCOME3",
      "importance": 0.10960162399855408
    },
    {
      "feature": "_AGE80",
      "importance": 0.08980905272733312
    },
    {
      "feature": "WEIGHT2",
      "importance": 0.08278077973060441
    },
    {
      "feature": "HEIGHT3",
      "importance": 0.07793523712142823
    },
    {
      "feature": "RENTHOM1",
      "importance": 0.06515050062506586
    },
    {
      "feature": "EDUCA",
      "importance": 0.05792687633693078
    },
    {
      "feature": "_EDUCAG",
      "importance": 0.057305861156724425
    },
    {
      "feature": "_AGEG5YR",
      "importance": 0.057116886944668266
    },
    {
      "feature": "EMPLOY1",
      "importance": 0.047877610437010006
    },
    {
      "feature": "MARITAL",
      "importance": 0.04600254550649422
    },
    {
      "feature": "_SEX",
      "importance": 0.039703642067873295
    },
    {
      "feature": "_RACEGR3",
      "importance": 0.03581447019286885
    },
    {
      "feature": "_RACEG21",
      "importance": 0.03167357236142755
    },
    {
      "feature": "_RACE",
      "importance": 0.030650654441594868
    },
    {
      "feature": "_AGE_G",
      "importance": 0.027383388845814857
    },
    {
      "feature": "CHILDREN",
      "importance": 0.026225139713201274
    },
    {
      "feature": "CPDEMO1C",
      "importance": 0.02315426658285222
    },
    {
      "feature": "_IMPRACE",
      "importance": 0.022750681998576383
    },
    {
      "feature": "_RACEPRV",
      "importance": 0.022273709219192247
    },
    {
      "feature": "_MRACE1",
      "importance": 0.021033390642844207
    },
    {
      "feature": "_AGE65YR",
      "importance": 0.01563100346194872
    },
    {
      "feature": "VETERAN3",
      "importance": 0.012199105886991978
    }
  ],