{
  "target_column": "FLSHTMY3",
  "accuracy": 0.26337030738381095,
  "classification_report": {
    "12022.0": {
      "precision": 0.0,
      "recall": 0.0,
      "f1-score": 0.0,
      "support": 5.0
    },
    "12023.0": {
      "precision": 0.0,
      "recall": 0.0,
      "f1-score": 0.0,
      "support": 1470.0
    },
    "12024.0": {
      "precision": 0.0,
      "recall": 0.0,
      "f1-score": 0.0,
      "support": 35.0
    },
    "22022.0": {
      "precision": 0.0,
      "recall": 0.0,
      "f1-score": 0.0,
      "support": 27.0
    },
    "22023.0": {
      "precision": 0.0,
      "recall": 0.0,
      "f1-score": 0.0,
      "support": 975.0
    },
    "32022.0": {
      "precision": 0.0,
      "recall": 0.0,
      "f1-score": 0.0,
      "support": 59.0
    },
    "32023.0": {
      "precision": 0.0,
      "recall": 0.0,
      "f1-score": 0.0,
      "support": 551.0
    },
    "42022.0": {
      "precision": 0.0,
      "recall": 0.0,
      "f1-score": 0.0,
      "support": 61.0
    },
    "42023.0": {
      "precision": 0.0,
      "recall": 0.0,
      "f1-score": 0.0,
      "support": 314.0
    },
    "52022.0": {
      "precision": 0.0,
      "recall": 0.0,
      "f1-score": 0.0,
      "support": 61.0
    },
    "52023.0": {
      "precision": 0.0,
      "recall": 0.0,
      "f1-score": 0.0,
      "support": 224.0
    },
    "62022.0": {
      "precision": 0.0,
      "recall": 0.0,
      "f1-score": 0.0,
      "support": 98.0
    },
    "62023.0": {
      "precision": 0.0,
      "recall": 0.0,
      "f1-score": 0.0,
      "support": 201.0
    },
    "72022.0": {
      "precision": 0.0,
      "recall": 0.0,
      "f1-score": 0.0,
      "support": 95.0
    },
    "72023.0": {
      "precision": 0.0,
      "recall": 0.0,
      "f1-score": 0.0,
      "support": 153.0
    },
    "82022.0": {
      "precision": 0.0,
      "recall": 0.0,
      "f1-score": 0.0,
      "support": 470.0
    },
    "82023.0": {
      "precision": 0.0,
      "recall": 0.0,
      "f1-score": 0.0,
      "support": 424.0
    },
    "92022.0": {
      "precision": 0.0,
      "recall": 0.0,
      "f1-score": 0.0,
      "support": 4046.0
    },
    "92023.0": {
      "precision": 0.0,
      "recall": 0.0,
      "f1-score": 0.0,
      "support": 2449.0
    },
    "102022.0": {
      "precision": 0.26640164572445235,
      "recall": 0.9566736547868623,
      "f1-score": 0.41675183195981647,
      "support": 10017.0
    },
    "102023.0": {
      "precision": 0.0,
      "recall": 0.0,
      "f1-score": 0.0,
      "support": 4853.0
    },
    "112022.0": {
      "precision": 0.15129151291512916,
      "recall": 0.008272800645682001,
      "f1-score": 0.015687775014348575,
      "support": 4956.0
    },
    "112023.0": {
      "precision": 0.0,
      "recall": 0.0,
      "f1-score": 0.0,
      "support": 1970.0
    },
    "122022.0": {
      "precision": 0.0,
      "recall": 0.0,
      "f1-score": 0.0,
      "support": 1802.0
    },
    "122023.0": {
      "precision": 0.0,
      "recall": 0.0,
      "f1-score": 0.0,
      "support": 513.0
    },
    "777777.0": {
      "precision": 0.23895773752780425,
      "recall": 0.21683967704728951,
      "f1-score": 0.2273620559334845,
      "support": 3468.0
    },
    "999999.0": {
      "precision": 0.0,
      "recall": 0.0,
      "f1-score": 0.0,
      "support": 100.0
    },
    "accuracy": 0.26337030738381095,
    "macro avg": {
      "precision": 0.02432040356175503,
      "recall": 0.04376985675851236,
      "f1-score": 0.02443709862620924,
      "support": 39397.0
    },
    "weighted avg": {
      "precision": 0.10780139241504795,
      "recall": 0.26337030738381095,
      "f1-score": 0.12794992826077917,
      "support": 39397.0
    }
  },
  "feature_importance": [
    {
      "feature": "_AGE80",
      "importance": 0.16758322864996572
    },
    {
      "feature": "INCOME3",
      "importance": 0.1560065096594706
    },
    {
      "feature": "EDUCA",
      "importance": 0.12579225320944618
    },
    {
      "feature": "_IMPRACE",
      "importance": 0.0993597663531619
    },
    {
      "feature": "RENTHOM1",
      "importance": 0.09561855351777192
    },
    {
      "feature": "EMPLOY1",
      "importance": 0.07949089606431922
    },
    {
      "feature": "MARITAL",
      "importance": 0.07437184347708946
    },
    {
      "feature": "SEXVAR",
      "importance": 0.061410024670687145
    },
    {
      "feature": "CHILDREN",
      "importance": 0.0468525560023251
    },
    {
      "feature": "CPDEMO1C",
      "importance": 0.038783336645113284
    },
    {
      "feature": "_HISPANC",
      "importance": 0.033482941819603027
    },
    {
      "feature": "VETERAN3",
      "importance": 0.021248089931046477
    }
  ],