{
  "target_column": "FMONTH",
  "accuracy": 0.09922113886805516,
  "classification_report": {
    "1.0": {
      "precision": 0.1,
      "recall": 0.02100840336134454,
      "f1-score": 0.034722222222222224,
      "support": 7616.0
    },
    "2.0": {
      "precision": 0.09318377911993098,
      "recall": 0.028342737173599267,
      "f1-score": 0.04346513733776034,
      "support": 7621.0
    },
    "3.0": {
      "precision": 0.0755813953488372,
      "recall": 0.0018748197288722239,
      "f1-score": 0.003658879819870532,
      "support": 6934.0
    },
    "4.0": {
      "precision": 0.25,
      "recall": 0.00017674089784376105,
      "f1-score": 0.00035323207347227127,
      "support": 5658.0
    },
    "5.0": {
      "precision": 0.11705685618729098,
      "recall": 0.005207558399047761,
      "f1-score": 0.009971509971509971,
      "support": 6721.0
    },
    "6.0": {
      "precision": 0.1206611570247934,
      "recall": 0.01027445460942998,
      "f1-score": 0.018936446173800258,
      "support": 7105.0
    },
    "7.0": {
      "precision": 0.1066147859922179,
      "recall": 0.018466100552635124,
      "f1-score": 0.031479779411764705,
      "support": 7419.0
    },
    "8.0": {
      "precision": 0.09090909090909091,
      "recall": 0.0007606876616461281,
      "f1-score": 0.0015087507543753772,
      "support": 6573.0
    },
    "9.0": {
      "precision": 0.06043956043956044,
      "recall": 0.0015571913929784825,
      "f1-score": 0.003036157880209771,
      "support": 7064.0
    },
    "10.0": {
      "precision": 0.09936571683559635,
      "recall": 0.7314641013608635,
      "f1-score": 0.17496352003591872,
      "support": 8524.0
    },
    "11.0": {
      "precision": 0.09844628099173554,
      "recall": 0.18689594577632734,
      "f1-score": 0.12896241122466656,
      "support": 7967.0
    },
    "12.0": {
      "precision": 0.09859154929577464,
      "recall": 0.030014739380946,
      "f1-score": 0.046019517205957886,
      "support": 7463.0
    },
    "accuracy": 0.09922113886805516,
    "macro avg": {
      "precision": 0.10923751434540237,
      "recall": 0.0863369566912945,
      "f1-score": 0.04142313034262738,
      "support": 86665.0
    },
    "weighted avg": {
      "precision": 0.10658213647085552,
      "recall": 0.09922113886805516,
      "f1-score": 0.045598715026514976,
      "support": 86665.0
    }
  },
  "feature_importance": [
    {
      "feature": "_AGE80",
      "importance": 0.19191973293673428
    },
    {
      "feature": "INCOME3",
      "importance": 0.12955602703789798
    },
    {
      "feature": "EDUCA",
      "importance": 0.09514781615872575
    },
    {
      "feature": "EMPLOY1",
      "importance": 0.09477309342791196
    },
    {
      "feature": "MARITAL",
      "importance": 0.09267801670519386
    },
    {
      "feature": "CHILDREN",
      "importance": 0.07560872544158688
    },
    {
      "feature": "CPDEMO1C",
      "importance": 0.06803076775519087
    },
    {
      "feature": "RENTHOM1",
      "importance": 0.06766995763714548
    },
    {
      "feature": "_IMPRACE",
      "importance": 0.06310810056313804
    },
    {
      "feature": "_SEX",
      "importance": 0.04416395481754269
    },
    {
      "feature": "_HISPANC",
      "importance": 0.03954204244448257
    },
    {
      "feature": "VETERAN3",
      "importance": 0.037801765074449635
    }
  ],
  "confusion_matrix": [
    [
      160,
      210,
      20,
      0,
      23,
      50,
      91,
      6,
      19,
      5495,
      1334,
      208
    ],
    [
      136,
      216,
      16,
      0,
      24,
      48,
      128,
      3,
      18,
      5430,
      1409,
      193
    ],
    [
      135,
      185,
      13,
      0,
      24,
      44,
      113,
      7,
      15,
      5084,
      1139,
      175
    ],
    [
      112,
      161,
      12,
      1,
      18,
      47,
      71,
      4,
      14,
      4104,
      948,
      166
    ],
    [
      130,
      195,
      17,
      0,
      35,
      37,
      103,
      4,
      15,
      4824,
      1166,
      195
    ],
    [
      99,
      192,
      7,
      1,
      26,
      73,
      147,
      4,
      12,
      5196,
      1173,
      175
    ],
    [
      142,
      181,
      10,
      0,
      20,
      65,
      137,
      0,
      15,
      5360,
      1295,
      194
    ],
    [
      118,
      188,
      11,
      1,
      20,
      37,
      97,
      5,
      10,
      4842,
      1096,
      148
    ],
    [
      153,
      187,
      17,
      0,
      28,
      45,
      86,
      6,
      11,
      5151,
      1209,
      171
    ],
    [
      163,
      218,
      19,
      0,
      24,
      61,
      100,
      5,
      16,
      6235,
      1479,
      204
    ],
    [
      133,
      192,
      14,
      1,
      29,
      52,
      104,
      3,
      21,
      5710,
      1489,
      219
    ],
    [
      119,
      193,
      16,
      0,
      28,
      46,
      108,
      8,
      16,
      5317,
      1388,
      224
    ]
  ],
  "class_labels": [
    "January",
    "February",
    "March",
    "April",
    "May",
    "June",
    "July",
    "August",
    "September",
    "October",
    "November",
    "December"
  ],
  "model_parameters": {
    "n_estimators": 100,
    "max_depth": 10,
    "min_samples_split": 10,
    "min_samples_leaf": 5,
    "random_state": 42,
    "n_jobs": -1
  },
  "analysis_metadata": {
    "total_samples": 433323,
    "training_samples": 346658,
    "test_samples": 86665,
    "features_used": [
      "MARITAL",
      "EDUCA",
      "RENTHOM1",
      "CPDEMO1C",
      "VETERAN3",
      "EMPLOY1",
      "CHILDREN",
      "INCOME3",
      "_HISPANC",
      "_IMPRACE",
      "_SEX",
      "_AGE80"
    ],
    "features_dropped_missing": 4,
    "target_missing_dropped": 0,
    "hyperparameter_tuning": false,
    "analysis_time_seconds": 5.050800800323486,
    "target_distribution": {
      "1.0": 38080,
      "2.0": 38103,
      "3.0": 34668,
      "4.0": 28292,
      "5.0": 33607,
      "6.0": 35525,
      "7.0": 37096,
      "8.0": 32866,
      "9.0": 35318,
      "10.0": 42619,
      "11.0": 39833,
      "12.0": 37316
    }
  },
  "successful": true,
  "error_message": null
}