{
  "target_column": "IDAY",
  "accuracy": 0.035827612069462875,
  "classification_report": {
    "1": {
      "precision": 0.06143344709897611,
      "recall": 0.006495849873691808,
      "f1-score": 0.01174934725848564,
      "support": 2771.0
    },
    "2": {
      "precision": 0.02909090909090909,
      "recall": 0.0028060329708874078,
      "f1-score": 0.005118362124120281,
      "support": 2851.0
    },
    "3": {
      "precision": 0.03333333333333333,
      "recall": 0.004001455074572572,
      "f1-score": 0.0071451770055212735,
      "support": 2749.0
    },
    "4": {
      "precision": 0.043478260869565216,
      "recall": 0.0008223684210526315,
      "f1-score": 0.0016142050040355124,
      "support": 2432.0
    },
    "5": {
      "precision": 0.03876739562624255,
      "recall": 0.013415892672858616,
      "f1-score": 0.019933554817275746,
      "support": 2907.0
    },
    "6": {
      "precision": 0.0394609425435765,
      "recall": 0.15509039010466222,
      "f1-score": 0.06291412029591509,
      "support": 3153.0
    },
    "7": {
      "precision": 0.031941923774954625,
      "recall": 0.1116751269035533,
      "f1-score": 0.049675416313858314,
      "support": 3152.0
    },
    "8": {
      "precision": 0.034550839091806514,
      "recall": 0.10105871029836382,
      "f1-score": 0.051495831289847964,
      "support": 3117.0
    },
    "9": {
      "precision": 0.027522935779816515,
      "recall": 0.0031413612565445027,
      "f1-score": 0.005639097744360902,
      "support": 2865.0
    },
    "10": {
      "precision": 0.03785488958990536,
      "recall": 0.008067226890756302,
      "f1-score": 0.013300083125519535,
      "support": 2975.0
    },
    "11": {
      "precision": 0.03639104220499569,
      "recall": 0.0553735255570118,
      "f1-score": 0.04391891891891892,
      "support": 3052.0
    },
    "12": {
      "precision": 0.03619729514717582,
      "recall": 0.03040427664550618,
      "f1-score": 0.03304884692209915,
      "support": 2993.0
    },
    "13": {
      "precision": 0.033495366854017924,
      "recall": 0.14026717557251908,
      "f1-score": 0.05407725321888412,
      "support": 3144.0
    },
    "14": {
      "precision": 0.03800282999797857,
      "recall": 0.12352168199737187,
      "f1-score": 0.05812335755139898,
      "support": 3044.0
    },
    "15": {
      "precision": 0.032194480946123524,
      "recall": 0.016268260292164674,
      "f1-score": 0.021614468460520512,
      "support": 3012.0
    },
    "16": {
      "precision": 0.03789279112754159,
      "recall": 0.014191761855313257,
      "f1-score": 0.02064971040040292,
      "support": 2889.0
    },
    "17": {
      "precision": 0.0438871473354232,
      "recall": 0.004966300106420717,
      "f1-score": 0.008922880815806247,
      "support": 2819.0
    },
    "18": {
      "precision": 0.03757225433526012,
      "recall": 0.004623044096728307,
      "f1-score": 0.008233058898036731,
      "support": 2812.0
    },
    "19": {
      "precision": 0.02252252252252252,
      "recall": 0.0035945363048166786,
      "f1-score": 0.006199628022318661,
      "support": 2782.0
    },
    "20": {
      "precision": 0.04063934704982146,
      "recall": 0.07767305817354567,
      "f1-score": 0.05336012502790802,
      "support": 3077.0
    },
    "21": {
      "precision": 0.03619566863546873,
      "recall": 0.07785016286644951,
      "f1-score": 0.04941589992763362,
      "support": 3070.0
    },
    "22": {
      "precision": 0.04020100502512563,
      "recall": 0.0057000356252226575,
      "f1-score": 0.009984399375975039,
      "support": 2807.0
    },
    "23": {
      "precision": 0.09090909090909091,
      "recall": 0.002435064935064935,
      "f1-score": 0.0047430830039525695,
      "support": 2464.0
    },
    "24": {
      "precision": 0.03225806451612903,
      "recall": 0.0004073319755600815,
      "f1-score": 0.0008045052292839903,
      "support": 2455.0
    },
    "25": {
      "precision": 0.01282051282051282,
      "recall": 0.0004103405826836274,
      "f1-score": 0.0007952286282306163,
      "support": 2437.0
    },
    "26": {
      "precision": 0.031746031746031744,
      "recall": 0.002995132909022838,
      "f1-score": 0.005473828258638385,
      "support": 2671.0
    },
    "27": {
      "precision": 0.03162055335968379,
      "recall": 0.02418542156533423,
      "f1-score": 0.027407689379520365,
      "support": 2977.0
    },
    "28": {
      "precision": 0.03182374541003672,
      "recall": 0.0177717019822283,
      "f1-score": 0.02280701754385965,
      "support": 2926.0
    },
    "29": {
      "precision": 0.0,
      "recall": 0.0,
      "f1-score": 0.0,
      "support": 2204.0
    },
    "30": {
      "precision": 0.0,
      "recall": 0.0,
      "f1-score": 0.0,
      "support": 2405.0
    },
    "31": {
      "precision": 0.0,
      "recall": 0.0,
      "f1-score": 0.0,
      "support": 1653.0
    },
    "accuracy": 0.035827612069462875,
    "macro avg": {
      "precision": 0.03367111699167825,
      "recall": 0.032555265403545405,
      "f1-score": 0.021231132082655767,
      "support": 86665.0
    },
    "weighted avg": {
      "precision": 0.034406804749745425,
      "recall": 0.035827612069462875,
      "f1-score": 0.02299116085102864,
      "support": 86665.0
    }
  },
  "feature_importance": [
    {
      "feature": "_AGE80",
      "importance": 0.185985100972465
    },
    {
      "feature": "INCOME3",
      "importance": 0.13176643098725446
    },
    {
      "feature": "EDUCA",
      "importance": 0.10358445456162743
    },
    {
      "feature": "MARITAL",
      "importance": 0.09576664945367151
    },
    {
      "feature": "EMPLOY1",
      "importance": 0.09381612236965532
    },
    {
      "feature": "CHILDREN",
      "importance": 0.07590281659425714
    },
    {
      "feature": "RENTHOM1",
      "importance": 0.07432230413439758
    },
    {
      "feature": "CPDEMO1C",
      "importance": 0.06959760223163053
    },
    {
      "feature": "_IMPRACE",
      "importance": 0.052598886985714216
    },
    {
      "feature": "_SEX",
      "importance": 0.04406695269491514
    },
    {
      "feature": "VETERAN3",
      "importance": 0.039299666787551896
    },
    {
      "feature": "_HISPANC",
      "importance": 0.03329301222685985
    }
  ],