{
  "target_column": "IDAY",
  "accuracy": 0.03654301044250851,
  "classification_report": {
    "1": {
      "precision": 0.028662420382165606,
      "recall": 0.003247924936845904,
      "f1-score": 0.005834683954619124,
      "support": 2771.0
    },
    "2": {
      "precision": 0.020833333333333332,
      "recall": 0.002455278849526482,
      "f1-score": 0.004392845936617509,
      "support": 2851.0
    },
    "3": {
      "precision": 0.0267639902676399,
      "recall": 0.004001455074572572,
      "f1-score": 0.006962025316455696,
      "support": 2749.0
    },
    "4": {
      "precision": 0.0,
      "recall": 0.0,
      "f1-score": 0.0,
      "support": 2432.0
    },
    "5": {
      "precision": 0.0326975476839237,
      "recall": 0.008255933952528379,
      "f1-score": 0.01318319143092557,
      "support": 2907.0
    },
    "6": {
      "precision": 0.039415030890748416,
      "recall": 0.1598477640342531,
      "f1-score": 0.06323713927227102,
      "support": 3153.0
    },
    "7": {
      "precision": 0.032604832977967305,
      "recall": 0.11643401015228426,
      "f1-score": 0.05094392004441977,
      "support": 3152.0
    },
    "8": {
      "precision": 0.03533378287255563,
      "recall": 0.08405518126403594,
      "f1-score": 0.049753133308013675,
      "support": 3117.0
    },
    "9": {
      "precision": 0.022508038585209004,
      "recall": 0.002443280977312391,
      "f1-score": 0.004408060453400504,
      "support": 2865.0
    },
    "10": {
      "precision": 0.03222094361334868,
      "recall": 0.009411764705882352,
      "f1-score": 0.014568158168574402,
      "support": 2975.0
    },
    "11": {
      "precision": 0.03988711194731891,
      "recall": 0.06946264744429882,
      "f1-score": 0.05067527190151787,
      "support": 3052.0
    },
    "12": {
      "precision": 0.03814392449862367,
      "recall": 0.032408954226528564,
      "f1-score": 0.03504335260115607,
      "support": 2993.0
    },
    "13": {
      "precision": 0.03507000538502962,
      "recall": 0.16571246819338423,
      "f1-score": 0.057888888888888886,
      "support": 3144.0
    },
    "14": {
      "precision": 0.040061464164197126,
      "recall": 0.11990801576872537,
      "f1-score": 0.060057589469354175,
      "support": 3044.0
    },
    "15": {
      "precision": 0.0375,
      "recall": 0.02091633466135458,
      "f1-score": 0.026854219948849106,
      "support": 3012.0
    },
    "16": {
      "precision": 0.034518828451882845,
      "recall": 0.01142263759086189,
      "f1-score": 0.017165149544863458,
      "support": 2889.0
    },
    "17": {
      "precision": 0.04491017964071856,
      "recall": 0.005321035828307911,
      "f1-score": 0.009514747859181731,
      "support": 2819.0
    },
    "18": {
      "precision": 0.05333333333333334,
      "recall": 0.005689900426742532,
      "f1-score": 0.010282776349614395,
      "support": 2812.0
    },
    "19": {
      "precision": 0.0390104662226451,
      "recall": 0.014737598849748382,
      "f1-score": 0.021393164623010698,
      "support": 2782.0
    },
    "20": {
      "precision": 0.035452103849597134,
      "recall": 0.06434839129021774,
      "f1-score": 0.04571692449780651,
      "support": 3077.0
    },
    "21": {
      "precision": 0.03853491033956505,
      "recall": 0.06579804560260587,
      "f1-score": 0.04860442733397498,
      "support": 3070.0
    },
    "22": {
      "precision": 0.06053811659192825,
      "recall": 0.009618810117563235,
      "f1-score": 0.016600061481709193,
      "support": 2807.0
    },
    "23": {
      "precision": 0.05357142857142857,
      "recall": 0.0012175324675324675,
      "f1-score": 0.002380952380952381,
      "support": 2464.0
    },
    "24": {
      "precision": 0.06451612903225806,
      "recall": 0.000814663951120163,
      "f1-score": 0.0016090104585679806,
      "support": 2455.0
    },
    "25": {
      "precision": 0.02127659574468085,
      "recall": 0.0004103405826836274,
      "f1-score": 0.0008051529790660225,
      "support": 2437.0
    },
    "26": {
      "precision": 0.026455026455026454,
      "recall": 0.0018719580681392737,
      "f1-score": 0.0034965034965034965,
      "support": 2671.0
    },
    "27": {
      "precision": 0.03532155948017328,
      "recall": 0.03560631508229761,
      "f1-score": 0.035463365674138506,
      "support": 2977.0
    },
    "28": {
      "precision": 0.02861230329041488,
      "recall": 0.01367053998632946,
      "f1-score": 0.018501387604070305,
      "support": 2926.0
    },
    "29": {
      "precision": 0.0,
      "recall": 0.0,
      "f1-score": 0.0,
      "support": 2204.0
    },
    "30": {
      "precision": 0.022727272727272728,
      "recall": 0.0004158004158004158,
      "f1-score": 0.0008166598611678236,
      "support": 2405.0
    },
    "31": {
      "precision": 0.0,
      "recall": 0.0,
      "f1-score": 0.0,
      "support": 1653.0
    },
    "accuracy": 0.03654301044250851,
    "macro avg": {
      "precision": 0.03291873162364471,
      "recall": 0.03320982530649946,
      "f1-score": 0.021811379510957775,
      "support": 86665.0
    },
    "weighted avg": {
      "precision": 0.033746074124152155,
      "recall": 0.03654301044250851,
      "f1-score": 0.023614287132534047,
      "support": 86665.0
    }
  },
  "feature_importance": [
    {
      "feature": "WEIGHT2",
      "importance": 0.1270953405436199
    },
    {
      "feature": "HEIGHT3",
      "importance": 0.1099467425722514
    },
    {
      "feature": "_AGE80",
      "importance": 0.1005750345599027
    },
    {
      "feature": "INCOME3",
      "importance": 0.08019601858982024
    },
    {
      "feature": "MARITAL",
      "importance": 0.06004698418849771
    },
    {
      "feature": "EMPLOY1",
      "importance": 0.059222421788318824
    },
    {
      "feature": "_AGEG5YR",
      "importance": 0.05099408747282651
    },
    {
      "feature": "EDUCA",
      "importance": 0.05048817238455305
    },
    {
      "feature": "_EDUCAG",
      "importance": 0.044861216143699305
    },
    {
      "feature": "RENTHOM1",
      "importance": 0.04413169443086062
    },
    {
      "feature": "CHILDREN",
      "importance": 0.04316762465654781
    },
    {
      "feature": "CPDEMO1C",
      "importance": 0.03949428927395025
    },
    {
      "feature": "_MRACE1",
      "importance": 0.029899878632729554
    },
    {
      "feature": "_AGE_G",
      "importance": 0.025994747146766226
    },
    {
      "feature": "_SEX",
      "importance": 0.023899364741695968
    },
    {
      "feature": "VETERAN3",
      "importance": 0.020939192561649896
    },
    {
      "feature": "_RACE",
      "importance": 0.01910770122064992
    },
    {
      "feature": "_RACEPRV",
      "importance": 0.018636529255461432
    },
    {
      "feature": "_IMPRACE",
      "importance": 0.016371654764325297
    },
    {
      "feature": "_RACEGR3",
      "importance": 0.01590058783344389
    },
    {
      "feature": "_AGE65YR",
      "importance": 0.01126259055618015
    },
    {
      "feature": "_RACEG21",
      "importance": 0.007768126682249415
    }
  ],