{
  "target_column": "IMONTH",
  "accuracy": 0.09665955114521434,
  "classification_report": {
    "1": {
      "precision": 0.0,
      "recall": 0.0,
      "f1-score": 0.0,
      "support": 5541.0
    },
    "2": {
      "precision": 0.1056547619047619,
      "recall": 0.009957924263674615,
      "f1-score": 0.01820046142014868,
      "support": 7130.0
    },
    "3": {
      "precision": 0.0965345423530996,
      "recall": 0.5212701490728396,
      "f1-score": 0.16290124041283968,
      "support": 8251.0
    },
    "4": {
      "precision": 0.11055276381909548,
      "recall": 0.003154121863799283,
      "f1-score": 0.006133258990800111,
      "support": 6975.0
    },
    "5": {
      "precision": 0.11614173228346457,
      "recall": 0.008560650029019153,
      "f1-score": 0.015945945945945946,
      "support": 6892.0
    },
    "6": {
      "precision": 0.0867215645908389,
      "recall": 0.04608862144420131,
      "f1-score": 0.0601893195213431,
      "support": 7312.0
    },
    "7": {
      "precision": 0.08951048951048951,
      "recall": 0.009133723419437705,
      "f1-score": 0.016576016576016577,
      "support": 7007.0
    },
    "8": {
      "precision": 0.09827054564955087,
      "recall": 0.09619422572178478,
      "f1-score": 0.09722130114729094,
      "support": 7620.0
    },
    "9": {
      "precision": 0.07871720116618076,
      "recall": 0.0038876889848812094,
      "f1-score": 0.007409440175631174,
      "support": 6945.0
    },
    "10": {
      "precision": 0.08626410086264101,
      "recall": 0.0174496644295302,
      "f1-score": 0.02902757619738752,
      "support": 7450.0
    },
    "11": {
      "precision": 0.09305373525557012,
      "recall": 0.09200466502526888,
      "f1-score": 0.09252622662409592,
      "support": 7717.0
    },
    "12": {
      "precision": 0.10028683181225555,
      "recall": 0.24575079872204472,
      "f1-score": 0.14244444444444446,
      "support": 7825.0
    },
    "accuracy": 0.09665955114521434,
    "macro avg": {
      "precision": 0.08847568910066235,
      "recall": 0.08778768608137345,
      "f1-score": 0.05404793595466201,
      "support": 86665.0
    },
    "weighted avg": {
      "precision": 0.09027528521818418,
      "recall": 0.09665955114521434,
      "f1-score": 0.05792409630241826,
      "support": 86665.0
    }
  },
  "feature_importance": [
    {
      "feature": "_AGE80",
      "importance": 0.1962465981932998
    },
    {
      "feature": "INCOME3",
      "importance": 0.12291005827606735
    },
    {
      "feature": "EDUCA",
      "importance": 0.09657346038555822
    },
    {
      "feature": "EMPLOY1",
      "importance": 0.0952120486283579
    },
    {
      "feature": "MARITAL",
      "importance": 0.0938506865614432
    },
    {
      "feature": "CHILDREN",
      "importance": 0.07453521629501006
    },
    {
      "feature": "CPDEMO1C",
      "importance": 0.07068219782143054
    },
    {
      "feature": "RENTHOM1",
      "importance": 0.07010504283117806
    },
    {
      "feature": "_IMPRACE",
      "importance": 0.0630133365157774
    },
    {
      "feature": "_SEX",
      "importance": 0.04369672685229124
    },
    {
      "feature": "_HISPANC",
      "importance": 0.03745023929912526
    },
    {
      "feature": "VETERAN3",
      "importance": 0.03572438834046099
    }
  ],
  "confusion_matrix": [
    [
      0,
      55,
      2787,
      11,
      31,
      299,
      41,
      435,
      25,
      90,
      513,
      1254
    ],
    [
      0,
      71,
      3752,
      16,
      37,
      265,
      47,
      497,
      26,
      103,
      543,
      1773
    ],
    [
      0,
      62,
      4301,
      18,
      47,
      306,
      57,
      718,
      38,
      153,
      678,
      1873
    ],
    [
      1,
      58,
      3637,
      22,
      45,
      301,
      63,
      592,
      24,
      130,
      656,
      1446
    ],
    [
      1,
      45,
      3578,
      15,
      59,
      329,
      50,
      592,
      28,
      101,
      613,
      1481
    ],
    [
      1,
      66,
      3714,
      17,
      33,
      337,
      65,
      680,
      24,
      140,
      677,
      1558
    ],
    [
      2,
      47,
      3477,
      16,
      45,
      358,
      64,
      659,
      21,
      156,
      647,
      1515
    ],
    [
      3,
      46,
      4007,
      23,
      38,
      325,
      73,
      733,
      35,
      141,
      633,
      1563
    ],
    [
      4,
      44,
      3580,
      14,
      36,
      319,
      67,
      622,
      27,
      139,
      664,
      1429
    ],
    [
      1,
      58,
      3810,
      16,
      46,
      382,
      63,
      611,
      26,
      130,
      660,
      1647
    ],
    [
      3,
      54,
      3986,
      15,
      44,
      346,
      59,
      631,
      30,
      126,
      710,
      1713
    ],
    [
      1,
      66,
      3925,
      16,
      47,
      319,
      66,
      689,
      39,
      98,
      636,
      1923
    ]
  ],
  "class_labels": [
    "January",
    "February",
    "March",
    "April",
    "May",
    "June",
    "July",
    "August",
    "September",
    "October",
    "November",
    "December"
  ],
  "model_parameters": {
    "n_estimators": 100,
    "max_depth": 10,
    "min_samples_split": 10,
    "min_samples_leaf": 5,
    "random_state": 42,
    "n_jobs": -1
  },
  "analysis_metadata": {
    "total_samples": 433323,
    "training_samples": 346658,
    "test_samples": 86665,
    "features_used": [
      "MARITAL",
      "EDUCA",
      "RENTHOM1",
      "CPDEMO1C",
      "VETERAN3",
      "EMPLOY1",
      "CHILDREN",
      "INCOME3",
      "_HISPANC",
      "_IMPRACE",
      "_SEX",
      "_AGE80"
    ],
    "features_dropped_missing": 4,
    "target_missing_dropped": 0,
    "hyperparameter_tuning": false,
    "analysis_time_seconds": 5.010630130767822,
    "target_distribution": {
      "1": 27706,
      "2": 35651,
      "3": 41255,
      "4": 34876,
      "5": 34462,
      "6": 36562,
      "7": 35035,
      "8": 38098,
      "9": 34723,
      "10": 37249,
      "11": 38582,
      "12": 39124
    }
  },
  "successful": true,
  "error_message": null
}