{
  "target_column": "IMONTH",
  "accuracy": 0.0979172676397623,
  "classification_report": {
    "1": {
      "precision": 0.125,
      "recall": 0.00018047283883775492,
      "f1-score": 0.0003604253018561903,
      "support": 5541.0
    },
    "2": {
      "precision": 0.11073825503355705,
      "recall": 0.009256661991584854,
      "f1-score": 0.017085166968677193,
      "support": 7130.0
    },
    "3": {
      "precision": 0.09809983411250188,
      "recall": 0.4730335716882802,
      "f1-score": 0.16249973978391657,
      "support": 8251.0
    },
    "4": {
      "precision": 0.09340659340659341,
      "recall": 0.0024372759856630824,
      "f1-score": 0.004750593824228029,
      "support": 6975.0
    },
    "5": {
      "precision": 0.10150375939849623,
      "recall": 0.011752756819500871,
      "f1-score": 0.021066319895968792,
      "support": 6892.0
    },
    "6": {
      "precision": 0.08857696030977735,
      "recall": 0.050054704595185996,
      "f1-score": 0.06396364907375043,
      "support": 7312.0
    },
    "7": {
      "precision": 0.09610705596107055,
      "recall": 0.011274439845868418,
      "f1-score": 0.020181376931919785,
      "support": 7007.0
    },
    "8": {
      "precision": 0.10026007802340703,
      "recall": 0.10118110236220472,
      "f1-score": 0.10071848465055519,
      "support": 7620.0
    },
    "9": {
      "precision": 0.1059190031152648,
      "recall": 0.004895608351331893,
      "f1-score": 0.009358656757500689,
      "support": 6945.0
    },
    "10": {
      "precision": 0.08779443254817987,
      "recall": 0.022013422818791945,
      "f1-score": 0.0352006868426701,
      "support": 7450.0
    },
    "11": {
      "precision": 0.09293361884368308,
      "recall": 0.11247894259427238,
      "f1-score": 0.10177639678724278,
      "support": 7717.0
    },
    "12": {
      "precision": 0.1011267872360572,
      "recall": 0.2729712460063898,
      "f1-score": 0.14758006010985594,
      "support": 7825.0
    },
    "accuracy": 0.0979172676397623,
    "macro avg": {
      "precision": 0.10012219816571571,
      "recall": 0.08929418382482597,
      "f1-score": 0.057045129744011804,
      "support": 86665.0
    },
    "weighted avg": {
      "precision": 0.09953182834752113,
      "recall": 0.0979172676397623,
      "f1-score": 0.0610047372577202,
      "support": 86665.0
    }
  },
  "feature_importance": [
    {
      "feature": "WEIGHT2",
      "importance": 0.12506702141317128
    },
    {
      "feature": "_AGE80",
      "importance": 0.10618466712338366
    },
    {
      "feature": "HEIGHT3",
      "importance": 0.1040856429003965
    },
    {
      "feature": "INCOME3",
      "importance": 0.0811652970155552
    },
    {
      "feature": "EMPLOY1",
      "importance": 0.05971969354498964
    },
    {
      "feature": "MARITAL",
      "importance": 0.055592570472077225
    },
    {
      "feature": "_AGEG5YR",
      "importance": 0.052053302620664293
    },
    {
      "feature": "EDUCA",
      "importance": 0.04666142755673483
    },
    {
      "feature": "CHILDREN",
      "importance": 0.0449566466637606
    },
    {
      "feature": "CPDEMO1C",
      "importance": 0.042140719907350764
    },
    {
      "feature": "_EDUCAG",
      "importance": 0.04211733223446779
    },
    {
      "feature": "RENTHOM1",
      "importance": 0.04201527468539132
    },
    {
      "feature": "_MRACE1",
      "importance": 0.035186905955286125
    },
    {
      "feature": "_AGE_G",
      "importance": 0.027898072988056587
    },
    {
      "feature": "_SEX",
      "importance": 0.023674290236622018
    },
    {
      "feature": "VETERAN3",
      "importance": 0.020317427870029166
    },
    {
      "feature": "_RACEPRV",
      "importance": 0.01907139981709665
    },
    {
      "feature": "_RACE",
      "importance": 0.017423332752445984
    },
    {
      "feature": "_IMPRACE",
      "importance": 0.016809641900862763
    },
    {
      "feature": "_AGE65YR",
      "importance": 0.014214972026479556
    },
    {
      "feature": "_RACEGR3",
      "importance": 0.014128116937122914
    },
    {
      "feature": "_RACEG21",
      "importance": 0.009516243378055081
    }
  ],
  "confusion_matrix": [
    [
      1,
      28,
      2493,
      9,
      37,
      325,
      45,
      450,
      22,
      105,
      620,
      1406
    ],
    [
      0,
      66,
      3336,
      14,
      57,
      295,
      66,
      513,
      33,
      153,
      651,
      1946
    ],
    [
      0,
      67,
      3903,
      21,
      66,
      347,
      74,
      697,
      28,
      182,
      818,
      2048
    ],
    [
      0,
      54,
      3231,
      17,
      69,
      334,
      65,
      640,
      31,
      150,
      791,
      1593
    ],
    [
      1,
      48,
      3153,
      21,
      81,
      353,
      68,
      590,
      16,
      142,
      768,
      1651
    ],
    [
      0,
      46,
      3296,
      18,
      53,
      366,
      94,
      685,
      29,
      171,
      810,
      1744
    ],
    [
      1,
      34,
      3180,
      8,
      71,
      368,
      79,
      681,
      25,
      161,
      778,
      1621
    ],
    [
      1,
      55,
      3565,
      16,
      82,
      366,
      69,
      771,
      22,
      171,
      791,
      1711
    ],
    [
      2,
      44,
      3175,
      10,
      74,
      324,
      67,
      666,
      34,
      144,
      798,
      1607
    ],
    [
      0,
      54,
      3417,
      16,
      83,
      347,
      77,
      648,
      20,
      164,
      851,
      1773
    ],
    [
      1,
      44,
      3546,
      14,
      62,
      348,
      63,
      679,
      29,
      177,
      868,
      1886
    ],
    [
      1,
      56,
      3491,
      18,
      63,
      359,
      55,
      670,
      32,
      148,
      796,
      2136
    ]
  ],
  "class_labels": [
    "January",
    "February",
    "March",
    "April",
    "May",
    "June",
    "July",
    "August",
    "September",
    "October",
    "November",
    "December"
  ],
  "model_parameters": {
    "n_estimators": 100,
    "max_depth": 10,
    "min_samples_split": 10,
    "min_samples_leaf": 5,
    "random_state": 42,
    "n_jobs": -1
  },
  "analysis_metadata": {
    "total_samples": 433323,
    "training_samples": 346658,
    "test_samples": 86665,
    "features_used": [
      "MARITAL",
      "EDUCA",
      "RENTHOM1",
      "CPDEMO1C",
      "VETERAN3",
      "EMPLOY1",
      "CHILDREN",
      "INCOME3",
      "WEIGHT2",
      "HEIGHT3",
      "_IMPRACE",
      "_MRACE1",
      "_RACE",
      "_RACEG21",
      "_RACEGR3",
      "_RACEPRV",
      "_SEX",
      "_AGEG5YR",
      "_AGE65YR",
      "_AGE80",
      "_AGE_G",
      "_EDUCAG"
    ],
    "features_dropped_missing": 4,
    "target_missing_dropped": 0,
    "hyperparameter_tuning": false,
    "analysis_time_seconds": 2.240001916885376,
    "target_distribution": {
      "1": 27706,
      "2": 35651,
      "3": 41255,
      "4": 34876,
      "5": 34462,
      "6": 36562,
      "7": 35035,
      "8": 38098,
      "9": 34723,
      "10": 37249,
      "11": 38582,
      "12": 39124
    }
  },
  "successful": true,
  "error_message": null
}