{
  "target_column": "PRIMINS1",
  "accuracy": 0.6471545278316256,
  "classification_report": {
    "1.0": {
      "precision": 0.6412659539396223,
      "recall": 0.8925598164536218,
      "f1-score": 0.7463275597456698,
      "support": 30510.0
    },
    "2.0": {
      "precision": 0.3811881188118812,
      "recall": 0.011454924129723296,
      "f1-score": 0.02224147891392259,
      "support": 6722.0
    },
    "3.0": {
      "precision": 0.7223903831185678,
      "recall": 0.9144285505765581,
      "f1-score": 0.8071441225258886,
      "support": 27404.0
    },
    "4.0": {
      "precision": 0.0,
      "recall": 0.0,
      "f1-score": 0.0,
      "support": 71.0
    },
    "5.0": {
      "precision": 0.3778122575640031,
      "recall": 0.3390184476157327,
      "f1-score": 0.3573656209869749,
      "support": 5746.0
    },
    "6.0": {
      "precision": 0.0,
      "recall": 0.0,
      "f1-score": 0.0,
      "support": 27.0
    },
    "7.0": {
      "precision": 0.43917169974115616,
      "recall": 0.17069081153588195,
      "f1-score": 0.24583433953151412,
      "support": 2982.0
    },
    "8.0": {
      "precision": 0.0,
      "recall": 0.0,
      "f1-score": 0.0,
      "support": 243.0
    },
    "9.0": {
      "precision": 0.0,
      "recall": 0.0,
      "f1-score": 0.0,
      "support": 2430.0
    },
    "10.0": {
      "precision": 0.0,
      "recall": 0.0,
      "f1-score": 0.0,
      "support": 2255.0
    },
    "77.0": {
      "precision": 0.3888888888888889,
      "recall": 0.03684210526315789,
      "f1-score": 0.0673076923076923,
      "support": 2280.0
    },
    "88.0": {
      "precision": 0.4269158878504673,
      "recall": 0.25148645672759307,
      "f1-score": 0.3165188470066519,
      "support": 4541.0
    },
    "99.0": {
      "precision": 0.33663366336633666,
      "recall": 0.02339986235375086,
      "f1-score": 0.043758043758043756,
      "support": 1453.0
    },
    "accuracy": 0.6471545278316256,
    "macro avg": {
      "precision": 0.28571283486776333,
      "recall": 0.20306776728123224,
      "f1-score": 0.20049982344433526,
      "support": 86664.0
    },
    "weighted avg": {
      "precision": 0.5621561030553677,
      "recall": 0.6471545278316256,
      "f1-score": 0.5709382618131236,
      "support": 86664.0
    }
  },
  "feature_importance": [
    {
      "feature": "_AGE80",
      "importance": 0.3932026981976602
    },
    {
      "feature": "EMPLOY1",
      "importance": 0.3399321234875942
    },
    {
      "feature": "INCOME3",
      "importance": 0.10279327797184683
    },
    {
      "feature": "EDUCA",
      "importance": 0.030419874238697533
    },
    {
      "feature": "VETERAN3",
      "importance": 0.02990739168984564
    },
    {
      "feature": "CHILDREN",
      "importance": 0.027537456918242057
    },
    {
      "feature": "RENTHOM1",
      "importance": 0.026290872565804688
    },
    {
      "feature": "MARITAL",
      "importance": 0.021684972858925962
    },
    {
      "feature": "_IMPRACE",
      "importance": 0.012165528922338013
    },
    {
      "feature": "_HISPANC",
      "importance": 0.009307137144913581
    },
    {
      "feature": "SEXVAR",
      "importance": 0.0046656933902330874
    },
    {
      "feature": "CPDEMO1C",
      "importance": 0.0020929726138983946
    }
  ],
  "confusion_matrix": [
    [
      27232,
      26,
      2373,
      0,
      395,
      0,
      162,
      0,
      0,
      0,
      32,
      272,
      18
    ],
    [
      4395,
      77,
      1604,
      0,
      355,
      0,
      82,
      0,
      0,
      0,
      27,
      171,
      11
    ],
    [
      1493,
      8,
      25059,
      0,
      561,
      0,
      123,
      0,
      0,
      0,
      18,
      129,
      13
    ],
    [
      12,
      0,
      46,
      0,
      9,
      0,
      1,
      0,
      0,
      0,
      0,
      3,
      0
    ],
    [
      1855,
      17,
      1418,
      0,
      1948,
      0,
      50,
      0,
      0,
      0,
      24,
      426,
      8
    ],
    [
      15,
      0,
      5,
      0,
      3,
      0,
      0,
      0,
      0,
      0,
      0,
      4,
      0
    ],
    [
      1262,
      0,
      1151,
      0,
      48,
      0,
      509,
      0,
      0,
      0,
      2,
      7,
      3
    ],
    [
      135,
      0,
      47,
      0,
      46,
      0,
      3,
      0,
      0,
      0,
      3,
      9,
      0
    ],
    [
      1112,
      14,
      579,
      0,
      521,
      0,
      32,
      0,
      0,
      0,
      2,
      167,
      3
    ],
    [
      1068,
      18,
      733,
      0,
      232,
      0,
      60,
      0,
      0,
      0,
      4,
      136,
      4
    ],
    [
      1090,
      7,
      665,
      0,
      222,
      0,
      36,
      0,
      0,
      0,
      84,
      176,
      0
    ],
    [
      2189,
      27,
      347,
      0,
      748,
      0,
      74,
      0,
      0,
      0,
      7,
      1142,
      7
    ],
    [
      608,
      8,
      662,
      0,
      68,
      0,
      27,
      0,
      0,
      0,
      13,
      33,
      34
    ]
  ],
  "class_labels": [
    "A plan purchased through an employer or union (including plans purchased through another person's employer)",
    "A private nongovernmental plan that you or another family member buys on your own",
    "Medicare",
    "Medigap",
    "Medicaid",
    "Children's Health Insurance Program (CHIP)",
    "Military related health care: TRICARE (CHAMPUS) / VA health care / CHAMP- VA",
    "Indian Health Service",
    "State sponsored health plan",
    "Other government program",
    "Don't know/Not Sure",
    "No coverage of any type",
    "Refused"
  ],
  "model_parameters": {
    "n_estimators": 100,
    "max_depth": 10,
    "min_samples_split": 10,
    "min_samples_leaf": 5,
    "random_state": 42,
    "n_jobs": -1
  },
  "analysis_metadata": {
    "total_samples": 433318,
    "training_samples": 346654,
    "test_samples": 86664,
    "features_used": [
      "MARITAL",
      "EDUCA",
      "RENTHOM1",
      "CPDEMO1C",
      "VETERAN3",
      "EMPLOY1",
      "CHILDREN",
      "INCOME3",
      "SEXVAR",
      "_HISPANC",
      "_IMPRACE",
      "_AGE80"
    ],
    "features_dropped_missing": 4,
    "target_missing_dropped": 5,
    "hyperparameter_tuning": false,
    "analysis_time_seconds": 2.714355945587158,
    "target_distribution": {
      "1.0": 152549,
      "2.0": 33608,
      "3.0": 137019,
      "4.0": 354,
      "5.0": 28729,
      "6.0": 134,
      "7.0": 14912,
      "8.0": 1217,
      "9.0": 12149,
      "10.0": 11275,
      "77.0": 11403,
      "88.0": 22703,
      "99.0": 7266
    }
  },
  "successful": true,
  "error_message": null
}