{
  "target_column": "PRIMINS1",
  "accuracy": 0.6468199021508354,
  "classification_report": {
    "1.0": {
      "precision": 0.6409815604173045,
      "recall": 0.8921009505080302,
      "f1-score": 0.7459745385279487,
      "support": 30510.0
    },
    "2.0": {
      "precision": 0.34946236559139787,
      "recall": 0.009669741148467718,
      "f1-score": 0.018818760856977416,
      "support": 6722.0
    },
    "3.0": {
      "precision": 0.7218211625298399,
      "recall": 0.9158152094584732,
      "f1-score": 0.8073279397809339,
      "support": 27404.0
    },
    "4.0": {
      "precision": 0.0,
      "recall": 0.0,
      "f1-score": 0.0,
      "support": 71.0
    },
    "5.0": {
      "precision": 0.37444594334168435,
      "recall": 0.3381482770623042,
      "f1-score": 0.3553726566072245,
      "support": 5746.0
    },
    "6.0": {
      "precision": 0.0,
      "recall": 0.0,
      "f1-score": 0.0,
      "support": 27.0
    },
    "7.0": {
      "precision": 0.4331103678929766,
      "recall": 0.17370892018779344,
      "f1-score": 0.24796553374820487,
      "support": 2982.0
    },
    "8.0": {
      "precision": 0.0,
      "recall": 0.0,
      "f1-score": 0.0,
      "support": 243.0
    },
    "9.0": {
      "precision": 0.0,
      "recall": 0.0,
      "f1-score": 0.0,
      "support": 2430.0
    },
    "10.0": {
      "precision": 0.0,
      "recall": 0.0,
      "f1-score": 0.0,
      "support": 2255.0
    },
    "77.0": {
      "precision": 0.4166666666666667,
      "recall": 0.03070175438596491,
      "f1-score": 0.05718954248366013,
      "support": 2280.0
    },
    "88.0": {
      "precision": 0.4272481667309919,
      "recall": 0.24377890332525876,
      "f1-score": 0.3104318564217611,
      "support": 4541.0
    },
    "99.0": {
      "precision": 0.37254901960784315,
      "recall": 0.02615278733654508,
      "f1-score": 0.04887459807073955,
      "support": 1453.0
    },
    "accuracy": 0.6468199021508354,
    "macro avg": {
      "precision": 0.2874065579060542,
      "recall": 0.20231358026252594,
      "f1-score": 0.19938118665365,
      "support": 86664.0
    },
    "weighted avg": {
      "precision": 0.5603338148010578,
      "recall": 0.6468199021508354,
      "f1-score": 0.5700484659962388,
      "support": 86664.0
    }
  },
  "feature_importance": [
    {
      "feature": "_AGE80",
      "importance": 0.3931091988360817
    },
    {
      "feature": "EMPLOY1",
      "importance": 0.3311178842836267
    },
    {
      "feature": "INCOME3",
      "importance": 0.10381777765247883
    },
    {
      "feature": "CHILDREN",
      "importance": 0.03204875041168002
    },
    {
      "feature": "EDUCA",
      "importance": 0.030845815934393266
    },
    {
      "feature": "VETERAN3",
      "importance": 0.03002123792138837
    },
    {
      "feature": "RENTHOM1",
      "importance": 0.025538597745055625
    },
    {
      "feature": "MARITAL",
      "importance": 0.025323474721653076
    },
    {
      "feature": "_IMPRACE",
      "importance": 0.011182295921918871
    },
    {
      "feature": "_HISPANC",
      "importance": 0.010330309201927734
    },
    {
      "feature": "_SEX",
      "importance": 0.004576219960359747
    },
    {
      "feature": "CPDEMO1C",
      "importance": 0.002088437409436094
    }
  ],
  "confusion_matrix": [
    [
      27218,
      13,
      2390,
      0,
      411,
      0,
      165,
      0,
      0,
      0,
      22,
      274,
      17
    ],
    [
      4425,
      65,
      1603,
      0,
      369,
      0,
      85,
      0,
      0,
      0,
      23,
      144,
      8
    ],
    [
      1480,
      9,
      25097,
      0,
      544,
      0,
      124,
      0,
      0,
      0,
      13,
      121,
      16
    ],
    [
      13,
      0,
      45,
      0,
      9,
      0,
      1,
      0,
      0,
      0,
      0,
      3,
      0
    ],
    [
      1846,
      23,
      1427,
      0,
      1943,
      0,
      53,
      0,
      0,
      0,
      15,
      430,
      9
    ],
    [
      15,
      0,
      5,
      0,
      3,
      0,
      1,
      0,
      0,
      0,
      0,
      3,
      0
    ],
    [
      1257,
      0,
      1152,
      0,
      45,
      0,
      518,
      0,
      0,
      0,
      1,
      6,
      3
    ],
    [
      137,
      0,
      47,
      0,
      44,
      0,
      3,
      0,
      0,
      0,
      3,
      9,
      0
    ],
    [
      1108,
      15,
      584,
      0,
      526,
      0,
      34,
      0,
      0,
      0,
      2,
      159,
      2
    ],
    [
      1062,
      18,
      732,
      0,
      242,
      0,
      62,
      0,
      0,
      0,
      4,
      132,
      3
    ],
    [
      1094,
      8,
      666,
      0,
      233,
      0,
      37,
      0,
      0,
      0,
      70,
      172,
      0
    ],
    [
      2207,
      26,
      352,
      0,
      755,
      0,
      83,
      0,
      0,
      0,
      5,
      1107,
      6
    ],
    [
      601,
      9,
      669,
      0,
      65,
      0,
      30,
      0,
      0,
      0,
      10,
      31,
      38
    ]
  ],
  "class_labels": [
    "A plan purchased through an employer or union (including plans purchased through another person's employer)",
    "A private nongovernmental plan that you or another family member buys on your own",
    "Medicare",
    "Medigap",
    "Medicaid",
    "Children's Health Insurance Program (CHIP)",
    "Military related health care: TRICARE (CHAMPUS) / VA health care / CHAMP- VA",
    "Indian Health Service",
    "State sponsored health plan",
    "Other government program",
    "Don't know/Not Sure",
    "No coverage of any type",
    "Refused"
  ],
  "model_parameters": {
    "n_estimators": 100,
    "max_depth": 10,
    "min_samples_split": 10,
    "min_samples_leaf": 5,
    "random_state": 42,
    "n_jobs": -1
  },
  "analysis_metadata": {
    "total_samples": 433318,
    "training_samples": 346654,
    "test_samples": 86664,
    "features_used": [
      "MARITAL",
      "EDUCA",
      "RENTHOM1",
      "CPDEMO1C",
      "VETERAN3",
      "EMPLOY1",
      "CHILDREN",
      "INCOME3",
      "_HISPANC",
      "_IMPRACE",
      "_SEX",
      "_AGE80"
    ],
    "features_dropped_missing": 4,
    "target_missing_dropped": 5,
    "hyperparameter_tuning": false,
    "analysis_time_seconds": 2.3494532108306885,
    "target_distribution": {
      "1.0": 152549,
      "2.0": 33608,
      "3.0": 137019,
      "4.0": 354,
      "5.0": 28729,
      "6.0": 134,
      "7.0": 14912,
      "8.0": 1217,
      "9.0": 12149,
      "10.0": 11275,
      "77.0": 11403,
      "88.0": 22703,
      "99.0": 7266
    }
  },
  "successful": true,
  "error_message": null
}